feature,accident_class,initial_count,initial_mean,initial_std,initial_min,initial_max,max_pairwise_mean_diff,global_class_mean_max,global_initial_std,initial_condition_flag,class_mean_vs_other_max_diff,class_mean_vs_global_class_median_diff,class_initial_condition_flag
LSGA,ATWS,1,11.830000877380373,,11.830000877380373,11.830000877380373,0.0,11.830000877380373,0.0,False,0.0,0.0,False
LSGA,FLB,100,11.830000877380373,0.0,11.830000877380373,11.830000877380373,0.0,11.830000877380373,0.0,False,0.0,0.0,False
LSGA,LACP,1,11.830000877380373,,11.830000877380373,11.830000877380373,0.0,11.830000877380373,0.0,False,0.0,0.0,False
LSGA,LLB,101,11.830000877380373,0.0,11.830000877380373,11.830000877380373,0.0,11.830000877380373,0.0,False,0.0,0.0,False
LSGA,LOCA,100,11.830000877380373,0.0,11.830000877380373,11.830000877380373,0.0,11.830000877380373,0.0,False,0.0,0.0,False
LSGA,LOCAC,100,11.830000877380373,0.0,11.830000877380373,11.830000877380373,0.0,11.830000877380373,0.0,False,0.0,0.0,False
LSGA,LOF,1,11.830000877380373,,11.830000877380373,11.830000877380373,0.0,11.830000877380373,0.0,False,0.0,0.0,False
LSGA,LR,99,11.830000877380373,0.0,11.830000877380373,11.830000877380373,0.0,11.830000877380373,0.0,False,0.0,0.0,False
LSGA,MD,100,11.830000877380373,0.0,11.830000877380373,11.830000877380373,0.0,11.830000877380373,0.0,False,0.0,0.0,False
LSGA,RI,100,11.830000877380373,0.0,11.830000877380373,11.830000877380373,0.0,11.830000877380373,0.0,False,0.0,0.0,False
LSGA,RW,100,11.830000877380373,0.0,11.830000877380373,11.830000877380373,0.0,11.830000877380373,0.0,False,0.0,0.0,False
LSGA,SGATR,100,11.830000877380373,0.0,11.830000877380373,11.830000877380373,0.0,11.830000877380373,0.0,False,0.0,0.0,False
LSGA,SGBTR,110,11.830000877380373,0.0,11.830000877380373,11.830000877380373,0.0,11.830000877380373,0.0,False,0.0,0.0,False
LSGA,SLBIC,101,11.830000877380373,0.0,11.830000877380373,11.830000877380373,0.0,11.830000877380373,0.0,False,0.0,0.0,False
LSGA,SLBOC,100,11.830000877380373,0.0,11.830000877380373,11.830000877380373,0.0,11.830000877380373,0.0,False,0.0,0.0,False
LSGA,SP,1,11.830000877380373,,11.830000877380373,11.830000877380373,0.0,11.830000877380373,0.0,False,0.0,0.0,False
LSGA,TT,1,11.830000877380373,,11.830000877380373,11.830000877380373,0.0,11.830000877380373,0.0,False,0.0,0.0,False
LSGB,ATWS,1,11.830000877380373,,11.830000877380373,11.830000877380373,0.0,11.830000877380373,0.0,False,0.0,0.0,False
LSGB,FLB,100,11.830000877380373,0.0,11.830000877380373,11.830000877380373,0.0,11.830000877380373,0.0,False,0.0,0.0,False
LSGB,LACP,1,11.830000877380373,,11.830000877380373,11.830000877380373,0.0,11.830000877380373,0.0,False,0.0,0.0,False
LSGB,LLB,101,11.830000877380373,0.0,11.830000877380373,11.830000877380373,0.0,11.830000877380373,0.0,False,0.0,0.0,False
LSGB,LOCA,100,11.830000877380373,0.0,11.830000877380373,11.830000877380373,0.0,11.830000877380373,0.0,False,0.0,0.0,False
LSGB,LOCAC,100,11.830000877380373,0.0,11.830000877380373,11.830000877380373,0.0,11.830000877380373,0.0,False,0.0,0.0,False
LSGB,LOF,1,11.830000877380373,,11.830000877380373,11.830000877380373,0.0,11.830000877380373,0.0,False,0.0,0.0,False
LSGB,LR,99,11.830000877380373,0.0,11.830000877380373,11.830000877380373,0.0,11.830000877380373,0.0,False,0.0,0.0,False
LSGB,MD,100,11.830000877380373,0.0,11.830000877380373,11.830000877380373,0.0,11.830000877380373,0.0,False,0.0,0.0,False
LSGB,RI,100,11.830000877380373,0.0,11.830000877380373,11.830000877380373,0.0,11.830000877380373,0.0,False,0.0,0.0,False
LSGB,RW,100,11.830000877380373,0.0,11.830000877380373,11.830000877380373,0.0,11.830000877380373,0.0,False,0.0,0.0,False
LSGB,SGATR,100,11.830000877380373,0.0,11.830000877380373,11.830000877380373,0.0,11.830000877380373,0.0,False,0.0,0.0,False
LSGB,SGBTR,110,11.830000877380373,0.0,11.830000877380373,11.830000877380373,0.0,11.830000877380373,0.0,False,0.0,0.0,False
LSGB,SLBIC,101,11.830000877380373,0.0,11.830000877380373,11.830000877380373,0.0,11.830000877380373,0.0,False,0.0,0.0,False
LSGB,SLBOC,100,11.830000877380373,0.0,11.830000877380373,11.830000877380373,0.0,11.830000877380373,0.0,False,0.0,0.0,False
LSGB,SP,1,11.830000877380373,,11.830000877380373,11.830000877380373,0.0,11.830000877380373,0.0,False,0.0,0.0,False
LSGB,TT,1,11.830000877380373,,11.830000877380373,11.830000877380373,0.0,11.830000877380373,0.0,False,0.0,0.0,False
LVCR,ATWS,1,7.924896240234375,,7.924896240234375,7.924896240234375,0.0,7.924896240234375,0.0,False,0.0,0.0,False
LVCR,FLB,100,7.924896240234375,0.0,7.924896240234375,7.924896240234375,0.0,7.924896240234375,0.0,False,0.0,0.0,False
LVCR,LACP,1,7.924896240234375,,7.924896240234375,7.924896240234375,0.0,7.924896240234375,0.0,False,0.0,0.0,False
LVCR,LLB,101,7.924896240234375,0.0,7.924896240234375,7.924896240234375,0.0,7.924896240234375,0.0,False,0.0,0.0,False
LVCR,LOCA,100,7.924896240234375,0.0,7.924896240234375,7.924896240234375,0.0,7.924896240234375,0.0,False,0.0,0.0,False
LVCR,LOCAC,100,7.924896240234375,0.0,7.924896240234375,7.924896240234375,0.0,7.924896240234375,0.0,False,0.0,0.0,False
LVCR,LOF,1,7.924896240234375,,7.924896240234375,7.924896240234375,0.0,7.924896240234375,0.0,False,0.0,0.0,False
LVCR,LR,99,7.924896240234375,0.0,7.924896240234375,7.924896240234375,0.0,7.924896240234375,0.0,False,0.0,0.0,False
LVCR,MD,100,7.924896240234375,0.0,7.924896240234375,7.924896240234375,0.0,7.924896240234375,0.0,False,0.0,0.0,False
LVCR,RI,100,7.924896240234375,0.0,7.924896240234375,7.924896240234375,0.0,7.924896240234375,0.0,False,0.0,0.0,False
LVCR,RW,100,7.924896240234375,0.0,7.924896240234375,7.924896240234375,0.0,7.924896240234375,0.0,False,0.0,0.0,False
LVCR,SGATR,100,7.924896240234375,0.0,7.924896240234375,7.924896240234375,0.0,7.924896240234375,0.0,False,0.0,0.0,False
LVCR,SGBTR,110,7.924896240234375,0.0,7.924896240234375,7.924896240234375,0.0,7.924896240234375,0.0,False,0.0,0.0,False
LVCR,SLBIC,101,7.924896240234375,0.0,7.924896240234375,7.924896240234375,0.0,7.924896240234375,0.0,False,0.0,0.0,False
LVCR,SLBOC,100,7.924896240234375,0.0,7.924896240234375,7.924896240234375,0.0,7.924896240234375,0.0,False,0.0,0.0,False
LVCR,SP,1,7.924896240234375,,7.924896240234375,7.924896240234375,0.0,7.924896240234375,0.0,False,0.0,0.0,False
LVCR,TT,1,7.924896240234375,,7.924896240234375,7.924896240234375,0.0,7.924896240234375,0.0,False,0.0,0.0,False
LVPZ,ATWS,1,62.0,,62.0,62.0,0.0,62.0,0.0,False,0.0,0.0,False
LVPZ,FLB,100,62.0,0.0,62.0,62.0,0.0,62.0,0.0,False,0.0,0.0,False
LVPZ,LACP,1,62.0,,62.0,62.0,0.0,62.0,0.0,False,0.0,0.0,False
LVPZ,LLB,101,62.0,0.0,62.0,62.0,0.0,62.0,0.0,False,0.0,0.0,False
LVPZ,LOCA,100,62.0,0.0,62.0,62.0,0.0,62.0,0.0,False,0.0,0.0,False
LVPZ,LOCAC,100,62.0,0.0,62.0,62.0,0.0,62.0,0.0,False,0.0,0.0,False
LVPZ,LOF,1,62.0,,62.0,62.0,0.0,62.0,0.0,False,0.0,0.0,False
LVPZ,LR,99,62.0,0.0,62.0,62.0,0.0,62.0,0.0,False,0.0,0.0,False
LVPZ,MD,100,62.0,0.0,62.0,62.0,0.0,62.0,0.0,False,0.0,0.0,False
LVPZ,RI,100,62.0,0.0,62.0,62.0,0.0,62.0,0.0,False,0.0,0.0,False
LVPZ,RW,100,62.0,0.0,62.0,62.0,0.0,62.0,0.0,False,0.0,0.0,False
LVPZ,SGATR,100,62.0,0.0,62.0,62.0,0.0,62.0,0.0,False,0.0,0.0,False
LVPZ,SGBTR,110,62.0,0.0,62.0,62.0,0.0,62.0,0.0,False,0.0,0.0,False
LVPZ,SLBIC,101,62.0,0.0,62.0,62.0,0.0,62.0,0.0,False,0.0,0.0,False
LVPZ,SLBOC,100,62.0,0.0,62.0,62.0,0.0,62.0,0.0,False,0.0,0.0,False
LVPZ,SP,1,62.0,,62.0,62.0,0.0,62.0,0.0,False,0.0,0.0,False
LVPZ,TT,1,62.0,,62.0,62.0,0.0,62.0,0.0,False,0.0,0.0,False
NSGA,ATWS,1,50.0,,50.0,50.0,0.0,50.0,0.0,False,0.0,0.0,False
NSGA,FLB,100,50.0,0.0,50.0,50.0,0.0,50.0,0.0,False,0.0,0.0,False
NSGA,LACP,1,50.0,,50.0,50.0,0.0,50.0,0.0,False,0.0,0.0,False
NSGA,LLB,101,50.0,0.0,50.0,50.0,0.0,50.0,0.0,False,0.0,0.0,False
NSGA,LOCA,100,50.0,0.0,50.0,50.0,0.0,50.0,0.0,False,0.0,0.0,False
NSGA,LOCAC,100,50.0,0.0,50.0,50.0,0.0,50.0,0.0,False,0.0,0.0,False
NSGA,LOF,1,50.0,,50.0,50.0,0.0,50.0,0.0,False,0.0,0.0,False
NSGA,LR,99,50.0,0.0,50.0,50.0,0.0,50.0,0.0,False,0.0,0.0,False
NSGA,MD,100,50.0,0.0,50.0,50.0,0.0,50.0,0.0,False,0.0,0.0,False
NSGA,RI,100,50.0,0.0,50.0,50.0,0.0,50.0,0.0,False,0.0,0.0,False
NSGA,RW,100,50.0,0.0,50.0,50.0,0.0,50.0,0.0,False,0.0,0.0,False
NSGA,SGATR,100,50.0,0.0,50.0,50.0,0.0,50.0,0.0,False,0.0,0.0,False
NSGA,SGBTR,110,50.0,0.0,50.0,50.0,0.0,50.0,0.0,False,0.0,0.0,False
NSGA,SLBIC,101,50.0,0.0,50.0,50.0,0.0,50.0,0.0,False,0.0,0.0,False
NSGA,SLBOC,100,50.0,0.0,50.0,50.0,0.0,50.0,0.0,False,0.0,0.0,False
NSGA,SP,1,50.0,,50.0,50.0,0.0,50.0,0.0,False,0.0,0.0,False
NSGA,TT,1,50.0,,50.0,50.0,0.0,50.0,0.0,False,0.0,0.0,False
NSGB,ATWS,1,50.0,,50.0,50.0,0.0,50.0,0.0,False,0.0,0.0,False
NSGB,FLB,100,50.0,0.0,50.0,50.0,0.0,50.0,0.0,False,0.0,0.0,False
NSGB,LACP,1,50.0,,50.0,50.0,0.0,50.0,0.0,False,0.0,0.0,False
NSGB,LLB,101,50.0,0.0,50.0,50.0,0.0,50.0,0.0,False,0.0,0.0,False
NSGB,LOCA,100,50.0,0.0,50.0,50.0,0.0,50.0,0.0,False,0.0,0.0,False
NSGB,LOCAC,100,50.0,0.0,50.0,50.0,0.0,50.0,0.0,False,0.0,0.0,False
NSGB,LOF,1,50.0,,50.0,50.0,0.0,50.0,0.0,False,0.0,0.0,False
NSGB,LR,99,50.0,0.0,50.0,50.0,0.0,50.0,0.0,False,0.0,0.0,False
NSGB,MD,100,50.0,0.0,50.0,50.0,0.0,50.0,0.0,False,0.0,0.0,False
NSGB,RI,100,50.0,0.0,50.0,50.0,0.0,50.0,0.0,False,0.0,0.0,False
NSGB,RW,100,50.0,0.0,50.0,50.0,0.0,50.0,0.0,False,0.0,0.0,False
NSGB,SGATR,100,50.0,0.0,50.0,50.0,0.0,50.0,0.0,False,0.0,0.0,False
NSGB,SGBTR,110,50.0,0.0,50.0,50.0,0.0,50.0,0.0,False,0.0,0.0,False
NSGB,SLBIC,101,50.0,0.0,50.0,50.0,0.0,50.0,0.0,False,0.0,0.0,False
NSGB,SLBOC,100,50.0,0.0,50.0,50.0,0.0,50.0,0.0,False,0.0,0.0,False
NSGB,SP,1,50.0,,50.0,50.0,0.0,50.0,0.0,False,0.0,0.0,False
NSGB,TT,1,50.0,,50.0,50.0,0.0,50.0,0.0,False,0.0,0.0,False
P,ATWS,1,155.50001525878906,,155.50001525878906,155.50001525878906,0.0,155.50001525878906,0.0,False,0.0,0.0,False
P,FLB,100,155.50001525878906,0.0,155.50001525878906,155.50001525878906,0.0,155.50001525878906,0.0,False,0.0,0.0,False
P,LACP,1,155.50001525878906,,155.50001525878906,155.50001525878906,0.0,155.50001525878906,0.0,False,0.0,0.0,False
P,LLB,101,155.50001525878906,0.0,155.50001525878906,155.50001525878906,0.0,155.50001525878906,0.0,False,0.0,0.0,False
P,LOCA,100,155.50001525878906,0.0,155.50001525878906,155.50001525878906,0.0,155.50001525878906,0.0,False,0.0,0.0,False
P,LOCAC,100,155.50001525878906,0.0,155.50001525878906,155.50001525878906,0.0,155.50001525878906,0.0,False,0.0,0.0,False
P,LOF,1,155.50001525878906,,155.50001525878906,155.50001525878906,0.0,155.50001525878906,0.0,False,0.0,0.0,False
P,LR,99,155.50001525878906,0.0,155.50001525878906,155.50001525878906,0.0,155.50001525878906,0.0,False,0.0,0.0,False
P,MD,100,155.50001525878906,0.0,155.50001525878906,155.50001525878906,0.0,155.50001525878906,0.0,False,0.0,0.0,False
P,RI,100,155.50001525878906,0.0,155.50001525878906,155.50001525878906,0.0,155.50001525878906,0.0,False,0.0,0.0,False
P,RW,100,155.50001525878906,0.0,155.50001525878906,155.50001525878906,0.0,155.50001525878906,0.0,False,0.0,0.0,False
P,SGATR,100,155.50001525878906,0.0,155.50001525878906,155.50001525878906,0.0,155.50001525878906,0.0,False,0.0,0.0,False
P,SGBTR,110,155.50001525878906,0.0,155.50001525878906,155.50001525878906,0.0,155.50001525878906,0.0,False,0.0,0.0,False
P,SLBIC,101,155.50001525878906,0.0,155.50001525878906,155.50001525878906,0.0,155.50001525878906,0.0,False,0.0,0.0,False
P,SLBOC,100,155.50001525878906,0.0,155.50001525878906,155.50001525878906,0.0,155.50001525878906,0.0,False,0.0,0.0,False
P,SP,1,155.50001525878906,,155.50001525878906,155.50001525878906,0.0,155.50001525878906,0.0,False,0.0,0.0,False
P,TT,1,155.50001525878906,,155.50001525878906,155.50001525878906,0.0,155.50001525878906,0.0,False,0.0,0.0,False
PPM,ATWS,1,200.0,,200.0,200.0,0.0,200.0,0.0,False,0.0,0.0,False
PPM,FLB,100,200.0,0.0,200.0,200.0,0.0,200.0,0.0,False,0.0,0.0,False
PPM,LACP,1,200.0,,200.0,200.0,0.0,200.0,0.0,False,0.0,0.0,False
PPM,LLB,101,200.0,0.0,200.0,200.0,0.0,200.0,0.0,False,0.0,0.0,False
PPM,LOCA,100,200.0,0.0,200.0,200.0,0.0,200.0,0.0,False,0.0,0.0,False
PPM,LOCAC,100,200.0,0.0,200.0,200.0,0.0,200.0,0.0,False,0.0,0.0,False
PPM,LOF,1,200.0,,200.0,200.0,0.0,200.0,0.0,False,0.0,0.0,False
PPM,LR,99,200.0,0.0,200.0,200.0,0.0,200.0,0.0,False,0.0,0.0,False
PPM,MD,100,200.0,0.0,200.0,200.0,0.0,200.0,0.0,False,0.0,0.0,False
PPM,RI,100,200.0,0.0,200.0,200.0,0.0,200.0,0.0,False,0.0,0.0,False
PPM,RW,100,200.0,0.0,200.0,200.0,0.0,200.0,0.0,False,0.0,0.0,False
PPM,SGATR,100,200.0,0.0,200.0,200.0,0.0,200.0,0.0,False,0.0,0.0,False
PPM,SGBTR,110,200.0,0.0,200.0,200.0,0.0,200.0,0.0,False,0.0,0.0,False
PPM,SLBIC,101,200.0,0.0,200.0,200.0,0.0,200.0,0.0,False,0.0,0.0,False
PPM,SLBOC,100,200.0,0.0,200.0,200.0,0.0,200.0,0.0,False,0.0,0.0,False
PPM,SP,1,200.0,,200.0,200.0,0.0,200.0,0.0,False,0.0,0.0,False
PPM,TT,1,200.0,,200.0,200.0,0.0,200.0,0.0,False,0.0,0.0,False
PSGA,ATWS,1,67.00003051757812,,67.00003051757812,67.00003051757812,0.0008743588287103421,67.00003051757812,0.0005014666127935822,True,0.0008743588287103421,0.0,False
PSGA,FLB,100,67.00003051757812,0.0,67.00003051757812,67.00003051757812,0.0008743588287103421,67.00003051757812,0.0005014666127935822,True,0.0008743588287103421,0.0,False
PSGA,LACP,1,67.00003051757812,,67.00003051757812,67.00003051757812,0.0008743588287103421,67.00003051757812,0.0005014666127935822,True,0.0008743588287103421,0.0,False
PSGA,LLB,101,67.00003051757812,0.0,67.00003051757812,67.00003051757812,0.0008743588287103421,67.00003051757812,0.0005014666127935822,True,0.0008743588287103421,0.0,False
PSGA,LOCA,100,67.00003051757812,0.0,67.00003051757812,67.00003051757812,0.0008743588287103421,67.00003051757812,0.0005014666127935822,True,0.0008743588287103421,0.0,False
PSGA,LOCAC,100,67.00003051757812,0.0,67.00003051757812,67.00003051757812,0.0008743588287103421,67.00003051757812,0.0005014666127935822,True,0.0008743588287103421,0.0,False
PSGA,LOF,1,67.00003051757812,,67.00003051757812,67.00003051757812,0.0008743588287103421,67.00003051757812,0.0005014666127935822,True,0.0008743588287103421,0.0,False
PSGA,LR,99,67.00003051757812,0.0,67.00003051757812,67.00003051757812,0.0008743588287103421,67.00003051757812,0.0005014666127935822,True,0.0008743588287103421,0.0,False
PSGA,MD,100,67.00003051757812,0.0,67.00003051757812,67.00003051757812,0.0008743588287103421,67.00003051757812,0.0005014666127935822,True,0.0008743588287103421,0.0,False
PSGA,RI,100,67.00003051757812,0.0,67.00003051757812,67.00003051757812,0.0008743588287103421,67.00003051757812,0.0005014666127935822,True,0.0008743588287103421,0.0,False
PSGA,RW,100,67.00003051757812,0.0,67.00003051757812,67.00003051757812,0.0008743588287103421,67.00003051757812,0.0005014666127935822,True,0.0008743588287103421,0.0,False
PSGA,SGATR,100,67.00003051757812,0.0,67.00003051757812,67.00003051757812,0.0008743588287103421,67.00003051757812,0.0005014666127935822,True,0.0008743588287103421,0.0,False
PSGA,SGBTR,110,67.00003051757812,0.0,67.00003051757812,67.00003051757812,0.0008743588287103421,67.00003051757812,0.0005014666127935822,True,0.0008743588287103421,0.0,False
PSGA,SLBIC,101,66.99915615874941,0.001532100231916202,66.99649810791016,67.00003051757812,0.0008743588287103421,67.00003051757812,0.0005014666127935822,True,0.0008743588287103421,0.0008743588287103421,True
PSGA,SLBOC,100,67.00003051757812,0.0,67.00003051757812,67.00003051757812,0.0008743588287103421,67.00003051757812,0.0005014666127935822,True,0.0008743588287103421,0.0,False
PSGA,SP,1,67.00003051757812,,67.00003051757812,67.00003051757812,0.0008743588287103421,67.00003051757812,0.0005014666127935822,True,0.0008743588287103421,0.0,False
PSGA,TT,1,67.00003051757812,,67.00003051757812,67.00003051757812,0.0008743588287103421,67.00003051757812,0.0005014666127935822,True,0.0008743588287103421,0.0,False
PSGB,ATWS,1,67.00004577636719,,67.00004577636719,67.00004577636719,0.0008724703647118304,67.00004577636719,0.0005003835315584191,True,0.0008724703647118304,0.0,False
PSGB,FLB,100,67.00004577636719,0.0,67.00004577636719,67.00004577636719,0.0008724703647118304,67.00004577636719,0.0005003835315584191,True,0.0008724703647118304,0.0,False
PSGB,LACP,1,67.00004577636719,,67.00004577636719,67.00004577636719,0.0008724703647118304,67.00004577636719,0.0005003835315584191,True,0.0008724703647118304,0.0,False
PSGB,LLB,101,67.00004577636719,0.0,67.00004577636719,67.00004577636719,0.0008724703647118304,67.00004577636719,0.0005003835315584191,True,0.0008724703647118304,0.0,False
PSGB,LOCA,100,67.00004577636719,0.0,67.00004577636719,67.00004577636719,0.0008724703647118304,67.00004577636719,0.0005003835315584191,True,0.0008724703647118304,0.0,False
PSGB,LOCAC,100,67.00004577636719,0.0,67.00004577636719,67.00004577636719,0.0008724703647118304,67.00004577636719,0.0005003835315584191,True,0.0008724703647118304,0.0,False
PSGB,LOF,1,67.00004577636719,,67.00004577636719,67.00004577636719,0.0008724703647118304,67.00004577636719,0.0005003835315584191,True,0.0008724703647118304,0.0,False
PSGB,LR,99,67.00004577636719,0.0,67.00004577636719,67.00004577636719,0.0008724703647118304,67.00004577636719,0.0005003835315584191,True,0.0008724703647118304,0.0,False
PSGB,MD,100,67.00004577636719,0.0,67.00004577636719,67.00004577636719,0.0008724703647118304,67.00004577636719,0.0005003835315584191,True,0.0008724703647118304,0.0,False
PSGB,RI,100,67.00004577636719,0.0,67.00004577636719,67.00004577636719,0.0008724703647118304,67.00004577636719,0.0005003835315584191,True,0.0008724703647118304,0.0,False
PSGB,RW,100,67.00004577636719,0.0,67.00004577636719,67.00004577636719,0.0008724703647118304,67.00004577636719,0.0005003835315584191,True,0.0008724703647118304,0.0,False
PSGB,SGATR,100,67.00004577636719,0.0,67.00004577636719,67.00004577636719,0.0008724703647118304,67.00004577636719,0.0005003835315584191,True,0.0008724703647118304,0.0,False
PSGB,SGBTR,110,67.00004577636719,0.0,67.00004577636719,67.00004577636719,0.0008724703647118304,67.00004577636719,0.0005003835315584191,True,0.0008724703647118304,0.0,False
PSGB,SLBIC,101,66.99917330600248,0.0015287911601450145,66.99652099609375,67.00004577636719,0.0008724703647118304,67.00004577636719,0.0005003835315584191,True,0.0008724703647118304,0.0008724703647118304,True
PSGB,SLBOC,100,67.00004577636719,0.0,67.00004577636719,67.00004577636719,0.0008724703647118304,67.00004577636719,0.0005003835315584191,True,0.0008724703647118304,0.0,False
PSGB,SP,1,67.00004577636719,,67.00004577636719,67.00004577636719,0.0008724703647118304,67.00004577636719,0.0005003835315584191,True,0.0008724703647118304,0.0,False
PSGB,TT,1,67.00004577636719,,67.00004577636719,67.00004577636719,0.0008724703647118304,67.00004577636719,0.0005003835315584191,True,0.0008724703647118304,0.0,False
PWNT,ATWS,1,100.0,,100.0,100.0,0.0,100.0,0.0,False,0.0,0.0,False
PWNT,FLB,100,100.0,0.0,100.0,100.0,0.0,100.0,0.0,False,0.0,0.0,False
PWNT,LACP,1,100.0,,100.0,100.0,0.0,100.0,0.0,False,0.0,0.0,False
PWNT,LLB,101,100.0,0.0,100.0,100.0,0.0,100.0,0.0,False,0.0,0.0,False
PWNT,LOCA,100,100.0,0.0,100.0,100.0,0.0,100.0,0.0,False,0.0,0.0,False
PWNT,LOCAC,100,100.0,0.0,100.0,100.0,0.0,100.0,0.0,False,0.0,0.0,False
PWNT,LOF,1,100.0,,100.0,100.0,0.0,100.0,0.0,False,0.0,0.0,False
PWNT,LR,99,100.0,0.0,100.0,100.0,0.0,100.0,0.0,False,0.0,0.0,False
PWNT,MD,100,100.0,0.0,100.0,100.0,0.0,100.0,0.0,False,0.0,0.0,False
PWNT,RI,100,100.0,0.0,100.0,100.0,0.0,100.0,0.0,False,0.0,0.0,False
PWNT,RW,100,100.0,0.0,100.0,100.0,0.0,100.0,0.0,False,0.0,0.0,False
PWNT,SGATR,100,100.0,0.0,100.0,100.0,0.0,100.0,0.0,False,0.0,0.0,False
PWNT,SGBTR,110,100.0,0.0,100.0,100.0,0.0,100.0,0.0,False,0.0,0.0,False
PWNT,SLBIC,101,100.0,0.0,100.0,100.0,0.0,100.0,0.0,False,0.0,0.0,False
PWNT,SLBOC,100,100.0,0.0,100.0,100.0,0.0,100.0,0.0,False,0.0,0.0,False
PWNT,SP,1,100.0,,100.0,100.0,0.0,100.0,0.0,False,0.0,0.0,False
PWNT,TT,1,100.0,,100.0,100.0,0.0,100.0,0.0,False,0.0,0.0,False
PWR,ATWS,1,100.0,,100.0,100.0,0.0,100.0,0.0,False,0.0,0.0,False
PWR,FLB,100,100.0,0.0,100.0,100.0,0.0,100.0,0.0,False,0.0,0.0,False
PWR,LACP,1,100.0,,100.0,100.0,0.0,100.0,0.0,False,0.0,0.0,False
PWR,LLB,101,100.0,0.0,100.0,100.0,0.0,100.0,0.0,False,0.0,0.0,False
PWR,LOCA,100,100.0,0.0,100.0,100.0,0.0,100.0,0.0,False,0.0,0.0,False
PWR,LOCAC,100,100.0,0.0,100.0,100.0,0.0,100.0,0.0,False,0.0,0.0,False
PWR,LOF,1,100.0,,100.0,100.0,0.0,100.0,0.0,False,0.0,0.0,False
PWR,LR,99,100.0,0.0,100.0,100.0,0.0,100.0,0.0,False,0.0,0.0,False
PWR,MD,100,100.0,0.0,100.0,100.0,0.0,100.0,0.0,False,0.0,0.0,False
PWR,RI,100,100.0,0.0,100.0,100.0,0.0,100.0,0.0,False,0.0,0.0,False
PWR,RW,100,100.0,0.0,100.0,100.0,0.0,100.0,0.0,False,0.0,0.0,False
PWR,SGATR,100,100.0,0.0,100.0,100.0,0.0,100.0,0.0,False,0.0,0.0,False
PWR,SGBTR,110,100.0,0.0,100.0,100.0,0.0,100.0,0.0,False,0.0,0.0,False
PWR,SLBIC,101,100.0,0.0,100.0,100.0,0.0,100.0,0.0,False,0.0,0.0,False
PWR,SLBOC,100,100.0,0.0,100.0,100.0,0.0,100.0,0.0,False,0.0,0.0,False
PWR,SP,1,100.0,,100.0,100.0,0.0,100.0,0.0,False,0.0,0.0,False
PWR,TT,1,100.0,,100.0,100.0,0.0,100.0,0.0,False,0.0,0.0,False
QMGA,ATWS,1,971.0827026367188,,971.0827026367188,971.0827026367188,11.138613861386148,982.2213164981049,6.388273076093165,True,11.138613861386148,0.0,False
QMGA,FLB,100,971.0827026367188,0.0,971.0827026367188,971.0827026367188,11.138613861386148,982.2213164981049,6.388273076093165,True,11.138613861386148,0.0,False
QMGA,LACP,1,971.0827026367188,,971.0827026367188,971.0827026367188,11.138613861386148,982.2213164981049,6.388273076093165,True,11.138613861386148,0.0,False
QMGA,LLB,101,971.0827026367188,0.0,971.0827026367188,971.0827026367188,11.138613861386148,982.2213164981049,6.388273076093165,True,11.138613861386148,0.0,False
QMGA,LOCA,100,971.0827026367188,0.0,971.0827026367188,971.0827026367188,11.138613861386148,982.2213164981049,6.388273076093165,True,11.138613861386148,0.0,False
QMGA,LOCAC,100,971.0827026367188,0.0,971.0827026367188,971.0827026367188,11.138613861386148,982.2213164981049,6.388273076093165,True,11.138613861386148,0.0,False
QMGA,LOF,1,971.0827026367188,,971.0827026367188,971.0827026367188,11.138613861386148,982.2213164981049,6.388273076093165,True,11.138613861386148,0.0,False
QMGA,LR,99,971.0827026367188,0.0,971.0827026367188,971.0827026367188,11.138613861386148,982.2213164981049,6.388273076093165,True,11.138613861386148,0.0,False
QMGA,MD,100,971.0827026367188,0.0,971.0827026367188,971.0827026367188,11.138613861386148,982.2213164981049,6.388273076093165,True,11.138613861386148,0.0,False
QMGA,RI,100,971.0827026367188,0.0,971.0827026367188,971.0827026367188,11.138613861386148,982.2213164981049,6.388273076093165,True,11.138613861386148,0.0,False
QMGA,RW,100,971.0827026367188,0.0,971.0827026367188,971.0827026367188,11.138613861386148,982.2213164981049,6.388273076093165,True,11.138613861386148,0.0,False
QMGA,SGATR,100,971.0827026367188,0.0,971.0827026367188,971.0827026367188,11.138613861386148,982.2213164981049,6.388273076093165,True,11.138613861386148,0.0,False
QMGA,SGBTR,110,971.0827026367188,0.0,971.0827026367188,971.0827026367188,11.138613861386148,982.2213164981049,6.388273076093165,True,11.138613861386148,0.0,False
QMGA,SLBIC,101,982.2213164981049,19.517699507355093,971.0827026367188,1016.0827026367188,11.138613861386148,982.2213164981049,6.388273076093165,True,11.138613861386148,11.138613861386148,True
QMGA,SLBOC,100,971.0827026367188,0.0,971.0827026367188,971.0827026367188,11.138613861386148,982.2213164981049,6.388273076093165,True,11.138613861386148,0.0,False
QMGA,SP,1,971.0827026367188,,971.0827026367188,971.0827026367188,11.138613861386148,982.2213164981049,6.388273076093165,True,11.138613861386148,0.0,False
QMGA,TT,1,971.0827026367188,,971.0827026367188,971.0827026367188,11.138613861386148,982.2213164981049,6.388273076093165,True,11.138613861386148,0.0,False
QMGB,ATWS,1,1942.0826416015625,,1942.0826416015625,1942.0826416015625,22.27725793819627,1964.3598995397588,12.77656348148613,True,22.27725793819627,0.0,False
QMGB,FLB,100,1942.0826416015625,0.0,1942.0826416015625,1942.0826416015625,22.27725793819627,1964.3598995397588,12.77656348148613,True,22.27725793819627,0.0,False
QMGB,LACP,1,1942.0826416015625,,1942.0826416015625,1942.0826416015625,22.27725793819627,1964.3598995397588,12.77656348148613,True,22.27725793819627,0.0,False
QMGB,LLB,101,1942.0826416015625,0.0,1942.0826416015625,1942.0826416015625,22.27725793819627,1964.3598995397588,12.77656348148613,True,22.27725793819627,0.0,False
QMGB,LOCA,100,1942.0826416015625,0.0,1942.0826416015625,1942.0826416015625,22.27725793819627,1964.3598995397588,12.77656348148613,True,22.27725793819627,0.0,False
QMGB,LOCAC,100,1942.0826416015625,0.0,1942.0826416015625,1942.0826416015625,22.27725793819627,1964.3598995397588,12.77656348148613,True,22.27725793819627,0.0,False
QMGB,LOF,1,1942.0826416015625,,1942.0826416015625,1942.0826416015625,22.27725793819627,1964.3598995397588,12.77656348148613,True,22.27725793819627,0.0,False
QMGB,LR,99,1942.0826416015625,0.0,1942.0826416015625,1942.0826416015625,22.27725793819627,1964.3598995397588,12.77656348148613,True,22.27725793819627,0.0,False
QMGB,MD,100,1942.0826416015625,0.0,1942.0826416015625,1942.0826416015625,22.27725793819627,1964.3598995397588,12.77656348148613,True,22.27725793819627,0.0,False
QMGB,RI,100,1942.0826416015625,0.0,1942.0826416015625,1942.0826416015625,22.27725793819627,1964.3598995397588,12.77656348148613,True,22.27725793819627,0.0,False
QMGB,RW,100,1942.0826416015625,0.0,1942.0826416015625,1942.0826416015625,22.27725793819627,1964.3598995397588,12.77656348148613,True,22.27725793819627,0.0,False
QMGB,SGATR,100,1942.0826416015625,0.0,1942.0826416015625,1942.0826416015625,22.27725793819627,1964.3598995397588,12.77656348148613,True,22.27725793819627,0.0,False
QMGB,SGBTR,110,1942.0826416015625,0.0,1942.0826416015625,1942.0826416015625,22.27725793819627,1964.3598995397588,12.77656348148613,True,22.27725793819627,0.0,False
QMGB,SLBIC,101,1964.3598995397588,39.03545195985875,1942.0826416015625,2032.082763671875,22.27725793819627,1964.3598995397588,12.77656348148613,True,22.27725793819627,22.27725793819627,True
QMGB,SLBOC,100,1942.0826416015625,0.0,1942.0826416015625,1942.0826416015625,22.27725793819627,1964.3598995397588,12.77656348148613,True,22.27725793819627,0.0,False
QMGB,SP,1,1942.0826416015625,,1942.0826416015625,1942.0826416015625,22.27725793819627,1964.3598995397588,12.77656348148613,True,22.27725793819627,0.0,False
QMGB,TT,1,1942.0826416015625,,1942.0826416015625,1942.0826416015625,22.27725793819627,1964.3598995397588,12.77656348148613,True,22.27725793819627,0.0,False
QMWT,ATWS,1,2895.0,,2895.0,2895.0,33.41584158415844,2928.4158415841584,19.164819228279473,True,33.41584158415844,0.0,False
QMWT,FLB,100,2895.0,0.0,2895.0,2895.0,33.41584158415844,2928.4158415841584,19.164819228279473,True,33.41584158415844,0.0,False
QMWT,LACP,1,2895.0,,2895.0,2895.0,33.41584158415844,2928.4158415841584,19.164819228279473,True,33.41584158415844,0.0,False
QMWT,LLB,101,2895.0,0.0,2895.0,2895.0,33.41584158415844,2928.4158415841584,19.164819228279473,True,33.41584158415844,0.0,False
QMWT,LOCA,100,2895.0,0.0,2895.0,2895.0,33.41584158415844,2928.4158415841584,19.164819228279473,True,33.41584158415844,0.0,False
QMWT,LOCAC,100,2895.0,0.0,2895.0,2895.0,33.41584158415844,2928.4158415841584,19.164819228279473,True,33.41584158415844,0.0,False
QMWT,LOF,1,2895.0,,2895.0,2895.0,33.41584158415844,2928.4158415841584,19.164819228279473,True,33.41584158415844,0.0,False
QMWT,LR,99,2895.0,0.0,2895.0,2895.0,33.41584158415844,2928.4158415841584,19.164819228279473,True,33.41584158415844,0.0,False
QMWT,MD,100,2895.0,0.0,2895.0,2895.0,33.41584158415844,2928.4158415841584,19.164819228279473,True,33.41584158415844,0.0,False
QMWT,RI,100,2895.0,0.0,2895.0,2895.0,33.41584158415844,2928.4158415841584,19.164819228279473,True,33.41584158415844,0.0,False
QMWT,RW,100,2895.0,0.0,2895.0,2895.0,33.41584158415844,2928.4158415841584,19.164819228279473,True,33.41584158415844,0.0,False
QMWT,SGATR,100,2895.0,0.0,2895.0,2895.0,33.41584158415844,2928.4158415841584,19.164819228279473,True,33.41584158415844,0.0,False
QMWT,SGBTR,110,2895.0,0.0,2895.0,2895.0,33.41584158415844,2928.4158415841584,19.164819228279473,True,33.41584158415844,0.0,False
QMWT,SLBIC,101,2928.4158415841584,58.553098522065156,2895.0,3030.0,33.41584158415844,2928.4158415841584,19.164819228279473,True,33.41584158415844,33.41584158415844,True
QMWT,SLBOC,100,2895.0,0.0,2895.0,2895.0,33.41584158415844,2928.4158415841584,19.164819228279473,True,33.41584158415844,0.0,False
QMWT,SP,1,2895.0,,2895.0,2895.0,33.41584158415844,2928.4158415841584,19.164819228279473,True,33.41584158415844,0.0,False
QMWT,TT,1,2895.0,,2895.0,2895.0,33.41584158415844,2928.4158415841584,19.164819228279473,True,33.41584158415844,0.0,False
RH,ATWS,1,0.0,,0.0,0.0,0.0,0.0,0.0,False,0.0,0.0,False
RH,FLB,100,0.0,0.0,0.0,0.0,0.0,0.0,0.0,False,0.0,0.0,False
RH,LACP,1,0.0,,0.0,0.0,0.0,0.0,0.0,False,0.0,0.0,False
RH,LLB,101,0.0,0.0,0.0,0.0,0.0,0.0,0.0,False,0.0,0.0,False
RH,LOCA,100,0.0,0.0,0.0,0.0,0.0,0.0,0.0,False,0.0,0.0,False
RH,LOCAC,100,0.0,0.0,0.0,0.0,0.0,0.0,0.0,False,0.0,0.0,False
RH,LOF,1,0.0,,0.0,0.0,0.0,0.0,0.0,False,0.0,0.0,False
RH,LR,99,0.0,0.0,0.0,0.0,0.0,0.0,0.0,False,0.0,0.0,False
RH,MD,100,0.0,0.0,0.0,0.0,0.0,0.0,0.0,False,0.0,0.0,False
RH,RI,100,0.0,0.0,0.0,0.0,0.0,0.0,0.0,False,0.0,0.0,False
RH,RW,100,0.0,0.0,0.0,0.0,0.0,0.0,0.0,False,0.0,0.0,False
RH,SGATR,100,0.0,0.0,0.0,0.0,0.0,0.0,0.0,False,0.0,0.0,False
RH,SGBTR,110,0.0,0.0,0.0,0.0,0.0,0.0,0.0,False,0.0,0.0,False
RH,SLBIC,101,0.0,0.0,0.0,0.0,0.0,0.0,0.0,False,0.0,0.0,False
RH,SLBOC,100,0.0,0.0,0.0,0.0,0.0,0.0,0.0,False,0.0,0.0,False
RH,SP,1,0.0,,0.0,0.0,0.0,0.0,0.0,False,0.0,0.0,False
RH,TT,1,0.0,,0.0,0.0,0.0,0.0,0.0,False,0.0,0.0,False
RHBR,ATWS,1,0.0,,-0.0,-0.0,0.0,0.0,0.0,False,0.0,0.0,False
RHBR,FLB,100,0.0,0.0,-0.0,-0.0,0.0,0.0,0.0,False,0.0,0.0,False
RHBR,LACP,1,0.0,,-0.0,-0.0,0.0,0.0,0.0,False,0.0,0.0,False
RHBR,LLB,101,0.0,0.0,-0.0,-0.0,0.0,0.0,0.0,False,0.0,0.0,False
RHBR,LOCA,100,0.0,0.0,-0.0,-0.0,0.0,0.0,0.0,False,0.0,0.0,False
RHBR,LOCAC,100,0.0,0.0,-0.0,-0.0,0.0,0.0,0.0,False,0.0,0.0,False
RHBR,LOF,1,0.0,,-0.0,-0.0,0.0,0.0,0.0,False,0.0,0.0,False
RHBR,LR,99,0.0,0.0,-0.0,-0.0,0.0,0.0,0.0,False,0.0,0.0,False
RHBR,MD,100,0.0,0.0,-0.0,-0.0,0.0,0.0,0.0,False,0.0,0.0,False
RHBR,RI,100,0.0,0.0,-0.0,-0.0,0.0,0.0,0.0,False,0.0,0.0,False
RHBR,RW,100,0.0,0.0,-0.0,-0.0,0.0,0.0,0.0,False,0.0,0.0,False
RHBR,SGATR,100,0.0,0.0,-0.0,-0.0,0.0,0.0,0.0,False,0.0,0.0,False
RHBR,SGBTR,110,0.0,0.0,-0.0,-0.0,0.0,0.0,0.0,False,0.0,0.0,False
RHBR,SLBIC,101,0.0,0.0,-0.0,-0.0,0.0,0.0,0.0,False,0.0,0.0,False
RHBR,SLBOC,100,0.0,0.0,-0.0,-0.0,0.0,0.0,0.0,False,0.0,0.0,False
RHBR,SP,1,0.0,,-0.0,-0.0,0.0,0.0,0.0,False,0.0,0.0,False
RHBR,TT,1,0.0,,-0.0,-0.0,0.0,0.0,0.0,False,0.0,0.0,False
RHFL,ATWS,1,0.0,,-0.0,-0.0,0.0,0.0,0.0,False,0.0,0.0,False
RHFL,FLB,100,0.0,0.0,-0.0,-0.0,0.0,0.0,0.0,False,0.0,0.0,False
RHFL,LACP,1,0.0,,-0.0,-0.0,0.0,0.0,0.0,False,0.0,0.0,False
RHFL,LLB,101,0.0,0.0,-0.0,-0.0,0.0,0.0,0.0,False,0.0,0.0,False
RHFL,LOCA,100,0.0,0.0,-0.0,-0.0,0.0,0.0,0.0,False,0.0,0.0,False
RHFL,LOCAC,100,0.0,0.0,-0.0,-0.0,0.0,0.0,0.0,False,0.0,0.0,False
RHFL,LOF,1,0.0,,-0.0,-0.0,0.0,0.0,0.0,False,0.0,0.0,False
RHFL,LR,99,0.0,0.0,-0.0,-0.0,0.0,0.0,0.0,False,0.0,0.0,False
RHFL,MD,100,0.0,0.0,-0.0,-0.0,0.0,0.0,0.0,False,0.0,0.0,False
RHFL,RI,100,0.0,0.0,-0.0,-0.0,0.0,0.0,0.0,False,0.0,0.0,False
RHFL,RW,100,0.0,0.0,-0.0,-0.0,0.0,0.0,0.0,False,0.0,0.0,False
RHFL,SGATR,100,0.0,0.0,-0.0,-0.0,0.0,0.0,0.0,False,0.0,0.0,False
RHFL,SGBTR,110,0.0,0.0,-0.0,-0.0,0.0,0.0,0.0,False,0.0,0.0,False
RHFL,SLBIC,101,0.0,0.0,-0.0,-0.0,0.0,0.0,0.0,False,0.0,0.0,False
RHFL,SLBOC,100,0.0,0.0,-0.0,-0.0,0.0,0.0,0.0,False,0.0,0.0,False
RHFL,SP,1,0.0,,-0.0,-0.0,0.0,0.0,0.0,False,0.0,0.0,False
RHFL,TT,1,0.0,,-0.0,-0.0,0.0,0.0,0.0,False,0.0,0.0,False
RHMT,ATWS,1,0.0,,-0.0,-0.0,0.0,0.0,0.0,False,0.0,0.0,False
RHMT,FLB,100,0.0,0.0,-0.0,-0.0,0.0,0.0,0.0,False,0.0,0.0,False
RHMT,LACP,1,0.0,,-0.0,-0.0,0.0,0.0,0.0,False,0.0,0.0,False
RHMT,LLB,101,0.0,0.0,-0.0,-0.0,0.0,0.0,0.0,False,0.0,0.0,False
RHMT,LOCA,100,0.0,0.0,-0.0,-0.0,0.0,0.0,0.0,False,0.0,0.0,False
RHMT,LOCAC,100,0.0,0.0,-0.0,-0.0,0.0,0.0,0.0,False,0.0,0.0,False
RHMT,LOF,1,0.0,,-0.0,-0.0,0.0,0.0,0.0,False,0.0,0.0,False
RHMT,LR,99,0.0,0.0,-0.0,-0.0,0.0,0.0,0.0,False,0.0,0.0,False
RHMT,MD,100,0.0,0.0,-0.0,-0.0,0.0,0.0,0.0,False,0.0,0.0,False
RHMT,RI,100,0.0,0.0,-0.0,-0.0,0.0,0.0,0.0,False,0.0,0.0,False
RHMT,RW,100,0.0,0.0,-0.0,-0.0,0.0,0.0,0.0,False,0.0,0.0,False
RHMT,SGATR,100,0.0,0.0,-0.0,-0.0,0.0,0.0,0.0,False,0.0,0.0,False
RHMT,SGBTR,110,0.0,0.0,-0.0,-0.0,0.0,0.0,0.0,False,0.0,0.0,False
RHMT,SLBIC,101,0.0,0.0,-0.0,-0.0,0.0,0.0,0.0,False,0.0,0.0,False
RHMT,SLBOC,100,0.0,0.0,-0.0,-0.0,0.0,0.0,0.0,False,0.0,0.0,False
RHMT,SP,1,0.0,,-0.0,-0.0,0.0,0.0,0.0,False,0.0,0.0,False
RHMT,TT,1,0.0,,-0.0,-0.0,0.0,0.0,0.0,False,0.0,0.0,False
RRCA,ATWS,1,1.0,,1.0,1.0,0.0,1.0,0.0,False,0.0,0.0,False
RRCA,FLB,100,1.0,0.0,1.0,1.0,0.0,1.0,0.0,False,0.0,0.0,False
RRCA,LACP,1,1.0,,1.0,1.0,0.0,1.0,0.0,False,0.0,0.0,False
RRCA,LLB,101,1.0,0.0,1.0,1.0,0.0,1.0,0.0,False,0.0,0.0,False
RRCA,LOCA,100,1.0,0.0,1.0,1.0,0.0,1.0,0.0,False,0.0,0.0,False
RRCA,LOCAC,100,1.0,0.0,1.0,1.0,0.0,1.0,0.0,False,0.0,0.0,False
RRCA,LOF,1,1.0,,1.0,1.0,0.0,1.0,0.0,False,0.0,0.0,False
RRCA,LR,99,1.0,0.0,1.0,1.0,0.0,1.0,0.0,False,0.0,0.0,False
RRCA,MD,100,1.0,0.0,1.0,1.0,0.0,1.0,0.0,False,0.0,0.0,False
RRCA,RI,100,1.0,0.0,1.0,1.0,0.0,1.0,0.0,False,0.0,0.0,False
RRCA,RW,100,1.0,0.0,1.0,1.0,0.0,1.0,0.0,False,0.0,0.0,False
RRCA,SGATR,100,1.0,0.0,1.0,1.0,0.0,1.0,0.0,False,0.0,0.0,False
RRCA,SGBTR,110,1.0,0.0,1.0,1.0,0.0,1.0,0.0,False,0.0,0.0,False
RRCA,SLBIC,101,1.0,0.0,1.0,1.0,0.0,1.0,0.0,False,0.0,0.0,False
RRCA,SLBOC,100,1.0,0.0,1.0,1.0,0.0,1.0,0.0,False,0.0,0.0,False
RRCA,SP,1,1.0,,1.0,1.0,0.0,1.0,0.0,False,0.0,0.0,False
RRCA,TT,1,1.0,,1.0,1.0,0.0,1.0,0.0,False,0.0,0.0,False
RRCB,ATWS,1,1.0,,1.0,1.0,0.0,1.0,0.0,False,0.0,0.0,False
RRCB,FLB,100,1.0,0.0,1.0,1.0,0.0,1.0,0.0,False,0.0,0.0,False
RRCB,LACP,1,1.0,,1.0,1.0,0.0,1.0,0.0,False,0.0,0.0,False
RRCB,LLB,101,1.0,0.0,1.0,1.0,0.0,1.0,0.0,False,0.0,0.0,False
RRCB,LOCA,100,1.0,0.0,1.0,1.0,0.0,1.0,0.0,False,0.0,0.0,False
RRCB,LOCAC,100,1.0,0.0,1.0,1.0,0.0,1.0,0.0,False,0.0,0.0,False
RRCB,LOF,1,1.0,,1.0,1.0,0.0,1.0,0.0,False,0.0,0.0,False
RRCB,LR,99,1.0,0.0,1.0,1.0,0.0,1.0,0.0,False,0.0,0.0,False
RRCB,MD,100,1.0,0.0,1.0,1.0,0.0,1.0,0.0,False,0.0,0.0,False
RRCB,RI,100,1.0,0.0,1.0,1.0,0.0,1.0,0.0,False,0.0,0.0,False
RRCB,RW,100,1.0,0.0,1.0,1.0,0.0,1.0,0.0,False,0.0,0.0,False
RRCB,SGATR,100,1.0,0.0,1.0,1.0,0.0,1.0,0.0,False,0.0,0.0,False
RRCB,SGBTR,110,1.0,0.0,1.0,1.0,0.0,1.0,0.0,False,0.0,0.0,False
RRCB,SLBIC,101,1.0,0.0,1.0,1.0,0.0,1.0,0.0,False,0.0,0.0,False
RRCB,SLBOC,100,1.0,0.0,1.0,1.0,0.0,1.0,0.0,False,0.0,0.0,False
RRCB,SP,1,1.0,,1.0,1.0,0.0,1.0,0.0,False,0.0,0.0,False
RRCB,TT,1,1.0,,1.0,1.0,0.0,1.0,0.0,False,0.0,0.0,False
RRCO,ATWS,1,1.0000001192092896,,1.0000001192092896,1.0000001192092896,0.0,1.0000001192092896,0.0,False,0.0,0.0,False
RRCO,FLB,100,1.0000001192092896,0.0,1.0000001192092896,1.0000001192092896,0.0,1.0000001192092896,0.0,False,0.0,0.0,False
RRCO,LACP,1,1.0000001192092896,,1.0000001192092896,1.0000001192092896,0.0,1.0000001192092896,0.0,False,0.0,0.0,False
RRCO,LLB,101,1.0000001192092896,0.0,1.0000001192092896,1.0000001192092896,0.0,1.0000001192092896,0.0,False,0.0,0.0,False
RRCO,LOCA,100,1.0000001192092896,0.0,1.0000001192092896,1.0000001192092896,0.0,1.0000001192092896,0.0,False,0.0,0.0,False
RRCO,LOCAC,100,1.0000001192092896,0.0,1.0000001192092896,1.0000001192092896,0.0,1.0000001192092896,0.0,False,0.0,0.0,False
RRCO,LOF,1,1.0000001192092896,,1.0000001192092896,1.0000001192092896,0.0,1.0000001192092896,0.0,False,0.0,0.0,False
RRCO,LR,99,1.0000001192092896,0.0,1.0000001192092896,1.0000001192092896,0.0,1.0000001192092896,0.0,False,0.0,0.0,False
RRCO,MD,100,1.0000001192092896,0.0,1.0000001192092896,1.0000001192092896,0.0,1.0000001192092896,0.0,False,0.0,0.0,False
RRCO,RI,100,1.0000001192092896,0.0,1.0000001192092896,1.0000001192092896,0.0,1.0000001192092896,0.0,False,0.0,0.0,False
RRCO,RW,100,1.0000001192092896,0.0,1.0000001192092896,1.0000001192092896,0.0,1.0000001192092896,0.0,False,0.0,0.0,False
RRCO,SGATR,100,1.0000001192092896,0.0,1.0000001192092896,1.0000001192092896,0.0,1.0000001192092896,0.0,False,0.0,0.0,False
RRCO,SGBTR,110,1.0000001192092896,0.0,1.0000001192092896,1.0000001192092896,0.0,1.0000001192092896,0.0,False,0.0,0.0,False
RRCO,SLBIC,101,1.0000001192092896,0.0,1.0000001192092896,1.0000001192092896,0.0,1.0000001192092896,0.0,False,0.0,0.0,False
RRCO,SLBOC,100,1.0000001192092896,0.0,1.0000001192092896,1.0000001192092896,0.0,1.0000001192092896,0.0,False,0.0,0.0,False
RRCO,SP,1,1.0000001192092896,,1.0000001192092896,1.0000001192092896,0.0,1.0000001192092896,0.0,False,0.0,0.0,False
RRCO,TT,1,1.0000001192092896,,1.0000001192092896,1.0000001192092896,0.0,1.0000001192092896,0.0,False,0.0,0.0,False
TAVG,ATWS,1,310.0,,310.0,310.0,0.4950495049504866,310.0,0.28392324782636286,True,0.4950495049504866,0.0,False
TAVG,FLB,100,310.0,0.0,310.0,310.0,0.4950495049504866,310.0,0.28392324782636286,True,0.4950495049504866,0.0,False
TAVG,LACP,1,310.0,,310.0,310.0,0.4950495049504866,310.0,0.28392324782636286,True,0.4950495049504866,0.0,False
TAVG,LLB,101,310.0,0.0,310.0,310.0,0.4950495049504866,310.0,0.28392324782636286,True,0.4950495049504866,0.0,False
TAVG,LOCA,100,310.0,0.0,310.0,310.0,0.4950495049504866,310.0,0.28392324782636286,True,0.4950495049504866,0.0,False
TAVG,LOCAC,100,310.0,0.0,310.0,310.0,0.4950495049504866,310.0,0.28392324782636286,True,0.4950495049504866,0.0,False
TAVG,LOF,1,310.0,,310.0,310.0,0.4950495049504866,310.0,0.28392324782636286,True,0.4950495049504866,0.0,False
TAVG,LR,99,310.0,0.0,310.0,310.0,0.4950495049504866,310.0,0.28392324782636286,True,0.4950495049504866,0.0,False
TAVG,MD,100,310.0,0.0,310.0,310.0,0.4950495049504866,310.0,0.28392324782636286,True,0.4950495049504866,0.0,False
TAVG,RI,100,310.0,0.0,310.0,310.0,0.4950495049504866,310.0,0.28392324782636286,True,0.4950495049504866,0.0,False
TAVG,RW,100,310.0,0.0,310.0,310.0,0.4950495049504866,310.0,0.28392324782636286,True,0.4950495049504866,0.0,False
TAVG,SGATR,100,310.0,0.0,310.0,310.0,0.4950495049504866,310.0,0.28392324782636286,True,0.4950495049504866,0.0,False
TAVG,SGBTR,110,310.0,0.0,310.0,310.0,0.4950495049504866,310.0,0.28392324782636286,True,0.4950495049504866,0.0,False
TAVG,SLBIC,101,309.5049504950495,0.8674533114380063,308.0,310.0,0.4950495049504866,310.0,0.28392324782636286,True,0.4950495049504866,0.4950495049504866,True
TAVG,SLBOC,100,310.0,0.0,310.0,310.0,0.4950495049504866,310.0,0.28392324782636286,True,0.4950495049504866,0.0,False
TAVG,SP,1,310.0,,310.0,310.0,0.4950495049504866,310.0,0.28392324782636286,True,0.4950495049504866,0.0,False
TAVG,TT,1,310.0,,310.0,310.0,0.4950495049504866,310.0,0.28392324782636286,True,0.4950495049504866,0.0,False
TCA,ATWS,1,292.1760559082031,,292.1760559082031,292.1760559082031,0.7860618062538833,292.1760559082031,0.4508260664681921,True,0.7860618062538833,0.0,False
TCA,FLB,100,292.1760559082031,0.0,292.1760559082031,292.1760559082031,0.7860618062538833,292.1760559082031,0.4508260664681921,True,0.7860618062538833,0.0,False
TCA,LACP,1,292.1760559082031,,292.1760559082031,292.1760559082031,0.7860618062538833,292.1760559082031,0.4508260664681921,True,0.7860618062538833,0.0,False
TCA,LLB,101,292.1760559082031,0.0,292.1760559082031,292.1760559082031,0.7860618062538833,292.1760559082031,0.4508260664681921,True,0.7860618062538833,0.0,False
TCA,LOCA,100,292.1760559082031,0.0,292.1760559082031,292.1760559082031,0.7860618062538833,292.1760559082031,0.4508260664681921,True,0.7860618062538833,0.0,False
TCA,LOCAC,100,292.1760559082031,0.0,292.1760559082031,292.1760559082031,0.7860618062538833,292.1760559082031,0.4508260664681921,True,0.7860618062538833,0.0,False
TCA,LOF,1,292.1760559082031,,292.1760559082031,292.1760559082031,0.7860618062538833,292.1760559082031,0.4508260664681921,True,0.7860618062538833,0.0,False
TCA,LR,99,292.1760559082031,0.0,292.1760559082031,292.1760559082031,0.7860618062538833,292.1760559082031,0.4508260664681921,True,0.7860618062538833,0.0,False
TCA,MD,100,292.1760559082031,0.0,292.1760559082031,292.1760559082031,0.7860618062538833,292.1760559082031,0.4508260664681921,True,0.7860618062538833,0.0,False
TCA,RI,100,292.1760559082031,0.0,292.1760559082031,292.1760559082031,0.7860618062538833,292.1760559082031,0.4508260664681921,True,0.7860618062538833,0.0,False
TCA,RW,100,292.1760559082031,0.0,292.1760559082031,292.1760559082031,0.7860618062538833,292.1760559082031,0.4508260664681921,True,0.7860618062538833,0.0,False
TCA,SGATR,100,292.1760559082031,0.0,292.1760559082031,292.1760559082031,0.7860618062538833,292.1760559082031,0.4508260664681921,True,0.7860618062538833,0.0,False
TCA,SGBTR,110,292.1760559082031,0.0,292.1760559082031,292.1760559082031,0.7860618062538833,292.1760559082031,0.4508260664681921,True,0.7860618062538833,0.0,False
TCA,SLBIC,101,291.38999410194924,1.3773812719963372,289.0003662109375,292.1760559082031,0.7860618062538833,292.1760559082031,0.4508260664681921,True,0.7860618062538833,0.7860618062538833,True
TCA,SLBOC,100,292.1760559082031,0.0,292.1760559082031,292.1760559082031,0.7860618062538833,292.1760559082031,0.4508260664681921,True,0.7860618062538833,0.0,False
TCA,SP,1,292.1760559082031,,292.1760559082031,292.1760559082031,0.7860618062538833,292.1760559082031,0.4508260664681921,True,0.7860618062538833,0.0,False
TCA,TT,1,292.1760559082031,,292.1760559082031,292.1760559082031,0.7860618062538833,292.1760559082031,0.4508260664681921,True,0.7860618062538833,0.0,False
TCB,ATWS,1,292.1767883300781,,292.1767883300781,292.1767883300781,0.7860542523978893,292.1767883300781,0.45082173414324667,True,0.7860542523978893,0.0,False
TCB,FLB,100,292.1767883300781,0.0,292.1767883300781,292.1767883300781,0.7860542523978893,292.1767883300781,0.45082173414324667,True,0.7860542523978893,0.0,False
TCB,LACP,1,292.1767883300781,,292.1767883300781,292.1767883300781,0.7860542523978893,292.1767883300781,0.45082173414324667,True,0.7860542523978893,0.0,False
TCB,LLB,101,292.1767883300781,0.0,292.1767883300781,292.1767883300781,0.7860542523978893,292.1767883300781,0.45082173414324667,True,0.7860542523978893,0.0,False
TCB,LOCA,100,292.1767883300781,0.0,292.1767883300781,292.1767883300781,0.7860542523978893,292.1767883300781,0.45082173414324667,True,0.7860542523978893,0.0,False
TCB,LOCAC,100,292.1767883300781,0.0,292.1767883300781,292.1767883300781,0.7860542523978893,292.1767883300781,0.45082173414324667,True,0.7860542523978893,0.0,False
TCB,LOF,1,292.1767883300781,,292.1767883300781,292.1767883300781,0.7860542523978893,292.1767883300781,0.45082173414324667,True,0.7860542523978893,0.0,False
TCB,LR,99,292.1767883300781,0.0,292.1767883300781,292.1767883300781,0.7860542523978893,292.1767883300781,0.45082173414324667,True,0.7860542523978893,0.0,False
TCB,MD,100,292.1767883300781,0.0,292.1767883300781,292.1767883300781,0.7860542523978893,292.1767883300781,0.45082173414324667,True,0.7860542523978893,0.0,False
TCB,RI,100,292.1767883300781,0.0,292.1767883300781,292.1767883300781,0.7860542523978893,292.1767883300781,0.45082173414324667,True,0.7860542523978893,0.0,False
TCB,RW,100,292.1767883300781,0.0,292.1767883300781,292.1767883300781,0.7860542523978893,292.1767883300781,0.45082173414324667,True,0.7860542523978893,0.0,False
TCB,SGATR,100,292.1767883300781,0.0,292.1767883300781,292.1767883300781,0.7860542523978893,292.1767883300781,0.45082173414324667,True,0.7860542523978893,0.0,False
TCB,SGBTR,110,292.1767883300781,0.0,292.1767883300781,292.1767883300781,0.7860542523978893,292.1767883300781,0.45082173414324667,True,0.7860542523978893,0.0,False
TCB,SLBIC,101,291.39073407768024,1.3773680357092148,289.0011291503906,292.1767883300781,0.7860542523978893,292.1767883300781,0.45082173414324667,True,0.7860542523978893,0.7860542523978893,True
TCB,SLBOC,100,292.1767883300781,0.0,292.1767883300781,292.1767883300781,0.7860542523978893,292.1767883300781,0.45082173414324667,True,0.7860542523978893,0.0,False
TCB,SP,1,292.1767883300781,,292.1767883300781,292.1767883300781,0.7860542523978893,292.1767883300781,0.45082173414324667,True,0.7860542523978893,0.0,False
TCB,TT,1,292.1767883300781,,292.1767883300781,292.1767883300781,0.7860542523978893,292.1767883300781,0.45082173414324667,True,0.7860542523978893,0.0,False
TF,ATWS,1,788.9000244140625,,788.9000244140625,788.9000244140625,0.0,788.9000244140625,0.0,False,0.0,0.0,False
TF,FLB,100,788.9000244140625,0.0,788.9000244140625,788.9000244140625,0.0,788.9000244140625,0.0,False,0.0,0.0,False
TF,LACP,1,788.9000244140625,,788.9000244140625,788.9000244140625,0.0,788.9000244140625,0.0,False,0.0,0.0,False
TF,LLB,101,788.9000244140625,0.0,788.9000244140625,788.9000244140625,0.0,788.9000244140625,0.0,False,0.0,0.0,False
TF,LOCA,100,788.9000244140625,0.0,788.9000244140625,788.9000244140625,0.0,788.9000244140625,0.0,False,0.0,0.0,False
TF,LOCAC,100,788.9000244140625,0.0,788.9000244140625,788.9000244140625,0.0,788.9000244140625,0.0,False,0.0,0.0,False
TF,LOF,1,788.9000244140625,,788.9000244140625,788.9000244140625,0.0,788.9000244140625,0.0,False,0.0,0.0,False
TF,LR,99,788.9000244140625,0.0,788.9000244140625,788.9000244140625,0.0,788.9000244140625,0.0,False,0.0,0.0,False
TF,MD,100,788.9000244140625,0.0,788.9000244140625,788.9000244140625,0.0,788.9000244140625,0.0,False,0.0,0.0,False
TF,RI,100,788.9000244140625,0.0,788.9000244140625,788.9000244140625,0.0,788.9000244140625,0.0,False,0.0,0.0,False
TF,RW,100,788.9000244140625,0.0,788.9000244140625,788.9000244140625,0.0,788.9000244140625,0.0,False,0.0,0.0,False
TF,SGATR,100,788.9000244140625,0.0,788.9000244140625,788.9000244140625,0.0,788.9000244140625,0.0,False,0.0,0.0,False
TF,SGBTR,110,788.9000244140625,0.0,788.9000244140625,788.9000244140625,0.0,788.9000244140625,0.0,False,0.0,0.0,False
TF,SLBIC,101,788.9000244140625,0.0,788.9000244140625,788.9000244140625,0.0,788.9000244140625,0.0,False,0.0,0.0,False
TF,SLBOC,100,788.9000244140625,0.0,788.9000244140625,788.9000244140625,0.0,788.9000244140625,0.0,False,0.0,0.0,False
TF,SP,1,788.9000244140625,,788.9000244140625,788.9000244140625,0.0,788.9000244140625,0.0,False,0.0,0.0,False
TF,TT,1,788.9000244140625,,788.9000244140625,788.9000244140625,0.0,788.9000244140625,0.0,False,0.0,0.0,False
TFPK,ATWS,1,788.9000244140625,,788.9000244140625,788.9000244140625,0.0,788.9000244140625,0.0,False,0.0,0.0,False
TFPK,FLB,100,788.9000244140625,0.0,788.9000244140625,788.9000244140625,0.0,788.9000244140625,0.0,False,0.0,0.0,False
TFPK,LACP,1,788.9000244140625,,788.9000244140625,788.9000244140625,0.0,788.9000244140625,0.0,False,0.0,0.0,False
TFPK,LLB,101,788.9000244140625,0.0,788.9000244140625,788.9000244140625,0.0,788.9000244140625,0.0,False,0.0,0.0,False
TFPK,LOCA,100,788.9000244140625,0.0,788.9000244140625,788.9000244140625,0.0,788.9000244140625,0.0,False,0.0,0.0,False
TFPK,LOCAC,100,788.9000244140625,0.0,788.9000244140625,788.9000244140625,0.0,788.9000244140625,0.0,False,0.0,0.0,False
TFPK,LOF,1,788.9000244140625,,788.9000244140625,788.9000244140625,0.0,788.9000244140625,0.0,False,0.0,0.0,False
TFPK,LR,99,788.9000244140625,0.0,788.9000244140625,788.9000244140625,0.0,788.9000244140625,0.0,False,0.0,0.0,False
TFPK,MD,100,788.9000244140625,0.0,788.9000244140625,788.9000244140625,0.0,788.9000244140625,0.0,False,0.0,0.0,False
TFPK,RI,100,788.9000244140625,0.0,788.9000244140625,788.9000244140625,0.0,788.9000244140625,0.0,False,0.0,0.0,False
TFPK,RW,100,788.9000244140625,0.0,788.9000244140625,788.9000244140625,0.0,788.9000244140625,0.0,False,0.0,0.0,False
TFPK,SGATR,100,788.9000244140625,0.0,788.9000244140625,788.9000244140625,0.0,788.9000244140625,0.0,False,0.0,0.0,False
TFPK,SGBTR,110,788.9000244140625,0.0,788.9000244140625,788.9000244140625,0.0,788.9000244140625,0.0,False,0.0,0.0,False
TFPK,SLBIC,101,788.9000244140625,0.0,788.9000244140625,788.9000244140625,0.0,788.9000244140625,0.0,False,0.0,0.0,False
TFPK,SLBOC,100,788.9000244140625,0.0,788.9000244140625,788.9000244140625,0.0,788.9000244140625,0.0,False,0.0,0.0,False
TFPK,SP,1,788.9000244140625,,788.9000244140625,788.9000244140625,0.0,788.9000244140625,0.0,False,0.0,0.0,False
TFPK,TT,1,788.9000244140625,,788.9000244140625,788.9000244140625,0.0,788.9000244140625,0.0,False,0.0,0.0,False
TFSB,ATWS,1,788.9000244140625,,788.9000244140625,788.9000244140625,0.0,788.9000244140625,0.0,False,0.0,0.0,False
TFSB,FLB,100,788.9000244140625,0.0,788.9000244140625,788.9000244140625,0.0,788.9000244140625,0.0,False,0.0,0.0,False
TFSB,LACP,1,788.9000244140625,,788.9000244140625,788.9000244140625,0.0,788.9000244140625,0.0,False,0.0,0.0,False
TFSB,LLB,101,788.9000244140625,0.0,788.9000244140625,788.9000244140625,0.0,788.9000244140625,0.0,False,0.0,0.0,False
TFSB,LOCA,100,788.9000244140625,0.0,788.9000244140625,788.9000244140625,0.0,788.9000244140625,0.0,False,0.0,0.0,False
TFSB,LOCAC,100,788.9000244140625,0.0,788.9000244140625,788.9000244140625,0.0,788.9000244140625,0.0,False,0.0,0.0,False
TFSB,LOF,1,788.9000244140625,,788.9000244140625,788.9000244140625,0.0,788.9000244140625,0.0,False,0.0,0.0,False
TFSB,LR,99,788.9000244140625,0.0,788.9000244140625,788.9000244140625,0.0,788.9000244140625,0.0,False,0.0,0.0,False
TFSB,MD,100,788.9000244140625,0.0,788.9000244140625,788.9000244140625,0.0,788.9000244140625,0.0,False,0.0,0.0,False
TFSB,RI,100,788.9000244140625,0.0,788.9000244140625,788.9000244140625,0.0,788.9000244140625,0.0,False,0.0,0.0,False
TFSB,RW,100,788.9000244140625,0.0,788.9000244140625,788.9000244140625,0.0,788.9000244140625,0.0,False,0.0,0.0,False
TFSB,SGATR,100,788.9000244140625,0.0,788.9000244140625,788.9000244140625,0.0,788.9000244140625,0.0,False,0.0,0.0,False
TFSB,SGBTR,110,788.9000244140625,0.0,788.9000244140625,788.9000244140625,0.0,788.9000244140625,0.0,False,0.0,0.0,False
TFSB,SLBIC,101,788.9000244140625,0.0,788.9000244140625,788.9000244140625,0.0,788.9000244140625,0.0,False,0.0,0.0,False
TFSB,SLBOC,100,788.9000244140625,0.0,788.9000244140625,788.9000244140625,0.0,788.9000244140625,0.0,False,0.0,0.0,False
TFSB,SP,1,788.9000244140625,,788.9000244140625,788.9000244140625,0.0,788.9000244140625,0.0,False,0.0,0.0,False
TFSB,TT,1,788.9000244140625,,788.9000244140625,788.9000244140625,0.0,788.9000244140625,0.0,False,0.0,0.0,False
THA,ATWS,1,327.823974609375,,327.823974609375,327.823974609375,0.20404475750308393,327.823974609375,0.11702476150948118,True,0.20404475750308393,0.0,False
THA,FLB,100,327.823974609375,0.0,327.823974609375,327.823974609375,0.20404475750308393,327.823974609375,0.11702476150948118,True,0.20404475750308393,0.0,False
THA,LACP,1,327.823974609375,,327.823974609375,327.823974609375,0.20404475750308393,327.823974609375,0.11702476150948118,True,0.20404475750308393,0.0,False
THA,LLB,101,327.823974609375,0.0,327.823974609375,327.823974609375,0.20404475750308393,327.823974609375,0.11702476150948118,True,0.20404475750308393,0.0,False
THA,LOCA,100,327.823974609375,0.0,327.823974609375,327.823974609375,0.20404475750308393,327.823974609375,0.11702476150948118,True,0.20404475750308393,0.0,False
THA,LOCAC,100,327.823974609375,0.0,327.823974609375,327.823974609375,0.20404475750308393,327.823974609375,0.11702476150948118,True,0.20404475750308393,0.0,False
THA,LOF,1,327.823974609375,,327.823974609375,327.823974609375,0.20404475750308393,327.823974609375,0.11702476150948118,True,0.20404475750308393,0.0,False
THA,LR,99,327.823974609375,0.0,327.823974609375,327.823974609375,0.20404475750308393,327.823974609375,0.11702476150948118,True,0.20404475750308393,0.0,False
THA,MD,100,327.823974609375,0.0,327.823974609375,327.823974609375,0.20404475750308393,327.823974609375,0.11702476150948118,True,0.20404475750308393,0.0,False
THA,RI,100,327.823974609375,0.0,327.823974609375,327.823974609375,0.20404475750308393,327.823974609375,0.11702476150948118,True,0.20404475750308393,0.0,False
THA,RW,100,327.823974609375,0.0,327.823974609375,327.823974609375,0.20404475750308393,327.823974609375,0.11702476150948118,True,0.20404475750308393,0.0,False
THA,SGATR,100,327.823974609375,0.0,327.823974609375,327.823974609375,0.20404475750308393,327.823974609375,0.11702476150948118,True,0.20404475750308393,0.0,False
THA,SGBTR,110,327.823974609375,0.0,327.823974609375,327.823974609375,0.20404475750308393,327.823974609375,0.11702476150948118,True,0.20404475750308393,0.0,False
THA,SLBIC,101,327.6199298518719,0.3575385871668481,326.9996337890625,327.823974609375,0.20404475750308393,327.823974609375,0.11702476150948118,True,0.20404475750308393,0.20404475750308393,True
THA,SLBOC,100,327.823974609375,0.0,327.823974609375,327.823974609375,0.20404475750308393,327.823974609375,0.11702476150948118,True,0.20404475750308393,0.0,False
THA,SP,1,327.823974609375,,327.823974609375,327.823974609375,0.20404475750308393,327.823974609375,0.11702476150948118,True,0.20404475750308393,0.0,False
THA,TT,1,327.823974609375,,327.823974609375,327.823974609375,0.20404475750308393,327.823974609375,0.11702476150948118,True,0.20404475750308393,0.0,False
THB,ATWS,1,327.8232116699219,,327.8232116699219,327.8232116699219,0.20405231135907798,327.8232116699219,0.11702909383444068,True,0.20405231135907798,0.0,False
THB,FLB,100,327.8232116699219,0.0,327.8232116699219,327.8232116699219,0.20405231135907798,327.8232116699219,0.11702909383444068,True,0.20405231135907798,0.0,False
THB,LACP,1,327.8232116699219,,327.8232116699219,327.8232116699219,0.20405231135907798,327.8232116699219,0.11702909383444068,True,0.20405231135907798,0.0,False
THB,LLB,101,327.8232116699219,0.0,327.8232116699219,327.8232116699219,0.20405231135907798,327.8232116699219,0.11702909383444068,True,0.20405231135907798,0.0,False
THB,LOCA,100,327.8232116699219,0.0,327.8232116699219,327.8232116699219,0.20405231135907798,327.8232116699219,0.11702909383444068,True,0.20405231135907798,0.0,False
THB,LOCAC,100,327.8232116699219,0.0,327.8232116699219,327.8232116699219,0.20405231135907798,327.8232116699219,0.11702909383444068,True,0.20405231135907798,0.0,False
THB,LOF,1,327.8232116699219,,327.8232116699219,327.8232116699219,0.20405231135907798,327.8232116699219,0.11702909383444068,True,0.20405231135907798,0.0,False
THB,LR,99,327.8232116699219,0.0,327.8232116699219,327.8232116699219,0.20405231135907798,327.8232116699219,0.11702909383444068,True,0.20405231135907798,0.0,False
THB,MD,100,327.8232116699219,0.0,327.8232116699219,327.8232116699219,0.20405231135907798,327.8232116699219,0.11702909383444068,True,0.20405231135907798,0.0,False
THB,RI,100,327.8232116699219,0.0,327.8232116699219,327.8232116699219,0.20405231135907798,327.8232116699219,0.11702909383444068,True,0.20405231135907798,0.0,False
THB,RW,100,327.8232116699219,0.0,327.8232116699219,327.8232116699219,0.20405231135907798,327.8232116699219,0.11702909383444068,True,0.20405231135907798,0.0,False
THB,SGATR,100,327.8232116699219,0.0,327.8232116699219,327.8232116699219,0.20405231135907798,327.8232116699219,0.11702909383444068,True,0.20405231135907798,0.0,False
THB,SGBTR,110,327.8232116699219,0.0,327.8232116699219,327.8232116699219,0.20405231135907798,327.8232116699219,0.11702909383444068,True,0.20405231135907798,0.0,False
THB,SLBIC,101,327.6191593585628,0.3575518234539118,326.99884033203125,327.8232116699219,0.20405231135907798,327.8232116699219,0.11702909383444068,True,0.20405231135907798,0.20405231135907798,True
THB,SLBOC,100,327.8232116699219,0.0,327.8232116699219,327.8232116699219,0.20405231135907798,327.8232116699219,0.11702909383444068,True,0.20405231135907798,0.0,False
THB,SP,1,327.8232116699219,,327.8232116699219,327.8232116699219,0.20405231135907798,327.8232116699219,0.11702909383444068,True,0.20405231135907798,0.0,False
THB,TT,1,327.8232116699219,,327.8232116699219,327.8232116699219,0.20405231135907798,327.8232116699219,0.11702909383444068,True,0.20405231135907798,0.0,False
TSAT,ATWS,1,344.9923095703125,,344.9923095703125,344.9923095703125,0.0,344.9923095703125,0.0,False,0.0,0.0,False
TSAT,FLB,100,344.9923095703125,0.0,344.9923095703125,344.9923095703125,0.0,344.9923095703125,0.0,False,0.0,0.0,False
TSAT,LACP,1,344.9923095703125,,344.9923095703125,344.9923095703125,0.0,344.9923095703125,0.0,False,0.0,0.0,False
TSAT,LLB,101,344.9923095703125,0.0,344.9923095703125,344.9923095703125,0.0,344.9923095703125,0.0,False,0.0,0.0,False
TSAT,LOCA,100,344.9923095703125,0.0,344.9923095703125,344.9923095703125,0.0,344.9923095703125,0.0,False,0.0,0.0,False
TSAT,LOCAC,100,344.9923095703125,0.0,344.9923095703125,344.9923095703125,0.0,344.9923095703125,0.0,False,0.0,0.0,False
TSAT,LOF,1,344.9923095703125,,344.9923095703125,344.9923095703125,0.0,344.9923095703125,0.0,False,0.0,0.0,False
TSAT,LR,99,344.9923095703125,0.0,344.9923095703125,344.9923095703125,0.0,344.9923095703125,0.0,False,0.0,0.0,False
TSAT,MD,100,344.9923095703125,0.0,344.9923095703125,344.9923095703125,0.0,344.9923095703125,0.0,False,0.0,0.0,False
TSAT,RI,100,344.9923095703125,0.0,344.9923095703125,344.9923095703125,0.0,344.9923095703125,0.0,False,0.0,0.0,False
TSAT,RW,100,344.9923095703125,0.0,344.9923095703125,344.9923095703125,0.0,344.9923095703125,0.0,False,0.0,0.0,False
TSAT,SGATR,100,344.9923095703125,0.0,344.9923095703125,344.9923095703125,0.0,344.9923095703125,0.0,False,0.0,0.0,False
TSAT,SGBTR,110,344.9923095703125,0.0,344.9923095703125,344.9923095703125,0.0,344.9923095703125,0.0,False,0.0,0.0,False
TSAT,SLBIC,101,344.9923095703125,0.0,344.9923095703125,344.9923095703125,0.0,344.9923095703125,0.0,False,0.0,0.0,False
TSAT,SLBOC,100,344.9923095703125,0.0,344.9923095703125,344.9923095703125,0.0,344.9923095703125,0.0,False,0.0,0.0,False
TSAT,SP,1,344.9923095703125,,344.9923095703125,344.9923095703125,0.0,344.9923095703125,0.0,False,0.0,0.0,False
TSAT,TT,1,344.9923095703125,,344.9923095703125,344.9923095703125,0.0,344.9923095703125,0.0,False,0.0,0.0,False
VOL,ATWS,1,289.6449890136719,,289.6449890136719,289.6449890136719,0.0,289.6449890136719,0.0,False,0.0,0.0,False
VOL,FLB,100,289.6449890136719,0.0,289.6449890136719,289.6449890136719,0.0,289.6449890136719,0.0,False,0.0,0.0,False
VOL,LACP,1,289.6449890136719,,289.6449890136719,289.6449890136719,0.0,289.6449890136719,0.0,False,0.0,0.0,False
VOL,LLB,101,289.6449890136719,0.0,289.6449890136719,289.6449890136719,0.0,289.6449890136719,0.0,False,0.0,0.0,False
VOL,LOCA,100,289.6449890136719,0.0,289.6449890136719,289.6449890136719,0.0,289.6449890136719,0.0,False,0.0,0.0,False
VOL,LOCAC,100,289.6449890136719,0.0,289.6449890136719,289.6449890136719,0.0,289.6449890136719,0.0,False,0.0,0.0,False
VOL,LOF,1,289.6449890136719,,289.6449890136719,289.6449890136719,0.0,289.6449890136719,0.0,False,0.0,0.0,False
VOL,LR,99,289.6449890136719,0.0,289.6449890136719,289.6449890136719,0.0,289.6449890136719,0.0,False,0.0,0.0,False
VOL,MD,100,289.6449890136719,0.0,289.6449890136719,289.6449890136719,0.0,289.6449890136719,0.0,False,0.0,0.0,False
VOL,RI,100,289.6449890136719,0.0,289.6449890136719,289.6449890136719,0.0,289.6449890136719,0.0,False,0.0,0.0,False
VOL,RW,100,289.6449890136719,0.0,289.6449890136719,289.6449890136719,0.0,289.6449890136719,0.0,False,0.0,0.0,False
VOL,SGATR,100,289.6449890136719,0.0,289.6449890136719,289.6449890136719,0.0,289.6449890136719,0.0,False,0.0,0.0,False
VOL,SGBTR,110,289.6449890136719,0.0,289.6449890136719,289.6449890136719,0.0,289.6449890136719,0.0,False,0.0,0.0,False
VOL,SLBIC,101,289.6449890136719,0.0,289.6449890136719,289.6449890136719,0.0,289.6449890136719,0.0,False,0.0,0.0,False
VOL,SLBOC,100,289.6449890136719,0.0,289.6449890136719,289.6449890136719,0.0,289.6449890136719,0.0,False,0.0,0.0,False
VOL,SP,1,289.6449890136719,,289.6449890136719,289.6449890136719,0.0,289.6449890136719,0.0,False,0.0,0.0,False
VOL,TT,1,289.6449890136719,,289.6449890136719,289.6449890136719,0.0,289.6449890136719,0.0,False,0.0,0.0,False
WFWA,ATWS,1,1915.810302734375,,1915.810302734375,1915.810302734375,21.97679576307246,1937.7870984974475,12.604240924333736,True,21.97679576307246,0.0,False
WFWA,FLB,100,1915.810302734375,0.0,1915.810302734375,1915.810302734375,21.97679576307246,1937.7870984974475,12.604240924333736,True,21.97679576307246,0.0,False
WFWA,LACP,1,1915.810302734375,,1915.810302734375,1915.810302734375,21.97679576307246,1937.7870984974475,12.604240924333736,True,21.97679576307246,0.0,False
WFWA,LLB,101,1915.810302734375,0.0,1915.810302734375,1915.810302734375,21.97679576307246,1937.7870984974475,12.604240924333736,True,21.97679576307246,0.0,False
WFWA,LOCA,100,1915.810302734375,0.0,1915.810302734375,1915.810302734375,21.97679576307246,1937.7870984974475,12.604240924333736,True,21.97679576307246,0.0,False
WFWA,LOCAC,100,1915.810302734375,0.0,1915.810302734375,1915.810302734375,21.97679576307246,1937.7870984974475,12.604240924333736,True,21.97679576307246,0.0,False
WFWA,LOF,1,1915.810302734375,,1915.810302734375,1915.810302734375,21.97679576307246,1937.7870984974475,12.604240924333736,True,21.97679576307246,0.0,False
WFWA,LR,99,1915.810302734375,0.0,1915.810302734375,1915.810302734375,21.97679576307246,1937.7870984974475,12.604240924333736,True,21.97679576307246,0.0,False
WFWA,MD,100,1915.810302734375,0.0,1915.810302734375,1915.810302734375,21.97679576307246,1937.7870984974475,12.604240924333736,True,21.97679576307246,0.0,False
WFWA,RI,100,1915.810302734375,0.0,1915.810302734375,1915.810302734375,21.97679576307246,1937.7870984974475,12.604240924333736,True,21.97679576307246,0.0,False
WFWA,RW,100,1915.810302734375,0.0,1915.810302734375,1915.810302734375,21.97679576307246,1937.7870984974475,12.604240924333736,True,21.97679576307246,0.0,False
WFWA,SGATR,100,1915.810302734375,0.0,1915.810302734375,1915.810302734375,21.97679576307246,1937.7870984974475,12.604240924333736,True,21.97679576307246,0.0,False
WFWA,SGBTR,110,1915.810302734375,0.0,1915.810302734375,1915.810302734375,21.97679576307246,1937.7870984974475,12.604240924333736,True,21.97679576307246,0.0,False
WFWA,SLBIC,101,1937.7870984974475,38.50896540413718,1915.810302734375,2004.5965576171875,21.97679576307246,1937.7870984974475,12.604240924333736,True,21.97679576307246,21.97679576307246,True
WFWA,SLBOC,100,1915.810302734375,0.0,1915.810302734375,1915.810302734375,21.97679576307246,1937.7870984974475,12.604240924333736,True,21.97679576307246,0.0,False
WFWA,SP,1,1915.810302734375,,1915.810302734375,1915.810302734375,21.97679576307246,1937.7870984974475,12.604240924333736,True,21.97679576307246,0.0,False
WFWA,TT,1,1915.810302734375,,1915.810302734375,1915.810302734375,21.97679576307246,1937.7870984974475,12.604240924333736,True,21.97679576307246,0.0,False
WFWB,ATWS,1,3831.62060546875,,3831.62060546875,3831.62060546875,43.95359152614492,3875.574196994895,25.20848184866747,True,43.95359152614492,0.0,False
WFWB,FLB,100,3831.62060546875,0.0,3831.62060546875,3831.62060546875,43.95359152614492,3875.574196994895,25.20848184866747,True,43.95359152614492,0.0,False
WFWB,LACP,1,3831.62060546875,,3831.62060546875,3831.62060546875,43.95359152614492,3875.574196994895,25.20848184866747,True,43.95359152614492,0.0,False
WFWB,LLB,101,3831.62060546875,0.0,3831.62060546875,3831.62060546875,43.95359152614492,3875.574196994895,25.20848184866747,True,43.95359152614492,0.0,False
WFWB,LOCA,100,3831.62060546875,0.0,3831.62060546875,3831.62060546875,43.95359152614492,3875.574196994895,25.20848184866747,True,43.95359152614492,0.0,False
WFWB,LOCAC,100,3831.62060546875,0.0,3831.62060546875,3831.62060546875,43.95359152614492,3875.574196994895,25.20848184866747,True,43.95359152614492,0.0,False
WFWB,LOF,1,3831.62060546875,,3831.62060546875,3831.62060546875,43.95359152614492,3875.574196994895,25.20848184866747,True,43.95359152614492,0.0,False
WFWB,LR,99,3831.62060546875,0.0,3831.62060546875,3831.62060546875,43.95359152614492,3875.574196994895,25.20848184866747,True,43.95359152614492,0.0,False
WFWB,MD,100,3831.62060546875,0.0,3831.62060546875,3831.62060546875,43.95359152614492,3875.574196994895,25.20848184866747,True,43.95359152614492,0.0,False
WFWB,RI,100,3831.62060546875,0.0,3831.62060546875,3831.62060546875,43.95359152614492,3875.574196994895,25.20848184866747,True,43.95359152614492,0.0,False
WFWB,RW,100,3831.62060546875,0.0,3831.62060546875,3831.62060546875,43.95359152614492,3875.574196994895,25.20848184866747,True,43.95359152614492,0.0,False
WFWB,SGATR,100,3831.62060546875,0.0,3831.62060546875,3831.62060546875,43.95359152614492,3875.574196994895,25.20848184866747,True,43.95359152614492,0.0,False
WFWB,SGBTR,110,3831.62060546875,0.0,3831.62060546875,3831.62060546875,43.95359152614492,3875.574196994895,25.20848184866747,True,43.95359152614492,0.0,False
WFWB,SLBIC,101,3875.574196994895,77.01793080827436,3831.62060546875,4009.193115234375,43.95359152614492,3875.574196994895,25.20848184866747,True,43.95359152614492,43.95359152614492,True
WFWB,SLBOC,100,3831.62060546875,0.0,3831.62060546875,3831.62060546875,43.95359152614492,3875.574196994895,25.20848184866747,True,43.95359152614492,0.0,False
WFWB,SP,1,3831.62060546875,,3831.62060546875,3831.62060546875,43.95359152614492,3875.574196994895,25.20848184866747,True,43.95359152614492,0.0,False
WFWB,TT,1,3831.62060546875,,3831.62060546875,3831.62060546875,43.95359152614492,3875.574196994895,25.20848184866747,True,43.95359152614492,0.0,False
WRCA,ATWS,1,16515.818359375,,16515.818359375,16515.818359375,0.0,16515.818359375,0.0,False,0.0,0.0,False
WRCA,FLB,100,16515.818359375,0.0,16515.818359375,16515.818359375,0.0,16515.818359375,0.0,False,0.0,0.0,False
WRCA,LACP,1,16515.818359375,,16515.818359375,16515.818359375,0.0,16515.818359375,0.0,False,0.0,0.0,False
WRCA,LLB,101,16515.818359375,0.0,16515.818359375,16515.818359375,0.0,16515.818359375,0.0,False,0.0,0.0,False
WRCA,LOCA,100,16515.818359375,0.0,16515.818359375,16515.818359375,0.0,16515.818359375,0.0,False,0.0,0.0,False
WRCA,LOCAC,100,16515.818359375,0.0,16515.818359375,16515.818359375,0.0,16515.818359375,0.0,False,0.0,0.0,False
WRCA,LOF,1,16515.818359375,,16515.818359375,16515.818359375,0.0,16515.818359375,0.0,False,0.0,0.0,False
WRCA,LR,99,16515.818359375,0.0,16515.818359375,16515.818359375,0.0,16515.818359375,0.0,False,0.0,0.0,False
WRCA,MD,100,16515.818359375,0.0,16515.818359375,16515.818359375,0.0,16515.818359375,0.0,False,0.0,0.0,False
WRCA,RI,100,16515.818359375,0.0,16515.818359375,16515.818359375,0.0,16515.818359375,0.0,False,0.0,0.0,False
WRCA,RW,100,16515.818359375,0.0,16515.818359375,16515.818359375,0.0,16515.818359375,0.0,False,0.0,0.0,False
WRCA,SGATR,100,16515.818359375,0.0,16515.818359375,16515.818359375,0.0,16515.818359375,0.0,False,0.0,0.0,False
WRCA,SGBTR,110,16515.818359375,0.0,16515.818359375,16515.818359375,0.0,16515.818359375,0.0,False,0.0,0.0,False
WRCA,SLBIC,101,16515.818359375,0.0,16515.818359375,16515.818359375,0.0,16515.818359375,0.0,False,0.0,0.0,False
WRCA,SLBOC,100,16515.818359375,0.0,16515.818359375,16515.818359375,0.0,16515.818359375,0.0,False,0.0,0.0,False
WRCA,SP,1,16515.818359375,,16515.818359375,16515.818359375,0.0,16515.818359375,0.0,False,0.0,0.0,False
WRCA,TT,1,16515.818359375,,16515.818359375,16515.818359375,0.0,16515.818359375,0.0,False,0.0,0.0,False
WRCB,ATWS,1,33031.63671875,,33031.63671875,33031.63671875,0.0,33031.63671875,0.0,False,0.0,0.0,False
WRCB,FLB,100,33031.63671875,0.0,33031.63671875,33031.63671875,0.0,33031.63671875,0.0,False,0.0,0.0,False
WRCB,LACP,1,33031.63671875,,33031.63671875,33031.63671875,0.0,33031.63671875,0.0,False,0.0,0.0,False
WRCB,LLB,101,33031.63671875,0.0,33031.63671875,33031.63671875,0.0,33031.63671875,0.0,False,0.0,0.0,False
WRCB,LOCA,100,33031.63671875,0.0,33031.63671875,33031.63671875,0.0,33031.63671875,0.0,False,0.0,0.0,False
WRCB,LOCAC,100,33031.63671875,0.0,33031.63671875,33031.63671875,0.0,33031.63671875,0.0,False,0.0,0.0,False
WRCB,LOF,1,33031.63671875,,33031.63671875,33031.63671875,0.0,33031.63671875,0.0,False,0.0,0.0,False
WRCB,LR,99,33031.63671875,0.0,33031.63671875,33031.63671875,0.0,33031.63671875,0.0,False,0.0,0.0,False
WRCB,MD,100,33031.63671875,0.0,33031.63671875,33031.63671875,0.0,33031.63671875,0.0,False,0.0,0.0,False
WRCB,RI,100,33031.63671875,0.0,33031.63671875,33031.63671875,0.0,33031.63671875,0.0,False,0.0,0.0,False
WRCB,RW,100,33031.63671875,0.0,33031.63671875,33031.63671875,0.0,33031.63671875,0.0,False,0.0,0.0,False
WRCB,SGATR,100,33031.63671875,0.0,33031.63671875,33031.63671875,0.0,33031.63671875,0.0,False,0.0,0.0,False
WRCB,SGBTR,110,33031.63671875,0.0,33031.63671875,33031.63671875,0.0,33031.63671875,0.0,False,0.0,0.0,False
WRCB,SLBIC,101,33031.63671875,0.0,33031.63671875,33031.63671875,0.0,33031.63671875,0.0,False,0.0,0.0,False
WRCB,SLBOC,100,33031.63671875,0.0,33031.63671875,33031.63671875,0.0,33031.63671875,0.0,False,0.0,0.0,False
WRCB,SP,1,33031.63671875,,33031.63671875,33031.63671875,0.0,33031.63671875,0.0,False,0.0,0.0,False
WRCB,TT,1,33031.63671875,,33031.63671875,33031.63671875,0.0,33031.63671875,0.0,False,0.0,0.0,False
WSTA,ATWS,1,1915.86474609375,,1915.86474609375,1915.86474609375,23.341233659498812,1939.2059797532488,13.386780115135405,True,23.341233659498812,0.0,False
WSTA,FLB,100,1915.86474609375,0.0,1915.86474609375,1915.86474609375,23.341233659498812,1939.2059797532488,13.386780115135405,True,23.341233659498812,0.0,False
WSTA,LACP,1,1915.86474609375,,1915.86474609375,1915.86474609375,23.341233659498812,1939.2059797532488,13.386780115135405,True,23.341233659498812,0.0,False
WSTA,LLB,101,1915.86474609375,0.0,1915.86474609375,1915.86474609375,23.341233659498812,1939.2059797532488,13.386780115135405,True,23.341233659498812,0.0,False
WSTA,LOCA,100,1915.86474609375,0.0,1915.86474609375,1915.86474609375,23.341233659498812,1939.2059797532488,13.386780115135405,True,23.341233659498812,0.0,False
WSTA,LOCAC,100,1915.86474609375,0.0,1915.86474609375,1915.86474609375,23.341233659498812,1939.2059797532488,13.386780115135405,True,23.341233659498812,0.0,False
WSTA,LOF,1,1915.86474609375,,1915.86474609375,1915.86474609375,23.341233659498812,1939.2059797532488,13.386780115135405,True,23.341233659498812,0.0,False
WSTA,LR,99,1915.86474609375,0.0,1915.86474609375,1915.86474609375,23.341233659498812,1939.2059797532488,13.386780115135405,True,23.341233659498812,0.0,False
WSTA,MD,100,1915.86474609375,0.0,1915.86474609375,1915.86474609375,23.341233659498812,1939.2059797532488,13.386780115135405,True,23.341233659498812,0.0,False
WSTA,RI,100,1915.86474609375,0.0,1915.86474609375,1915.86474609375,23.341233659498812,1939.2059797532488,13.386780115135405,True,23.341233659498812,0.0,False
WSTA,RW,100,1915.86474609375,0.0,1915.86474609375,1915.86474609375,23.341233659498812,1939.2059797532488,13.386780115135405,True,23.341233659498812,0.0,False
WSTA,SGATR,100,1915.86474609375,0.0,1915.86474609375,1915.86474609375,23.341233659498812,1939.2059797532488,13.386780115135405,True,23.341233659498812,0.0,False
WSTA,SGBTR,110,1915.86474609375,0.0,1915.86474609375,1915.86474609375,23.341233659498812,1939.2059797532488,13.386780115135405,True,23.341233659498812,0.0,False
WSTA,SLBIC,101,1939.2059797532488,40.89980947057998,1915.86474609375,2010.163330078125,23.341233659498812,1939.2059797532488,13.386780115135405,True,23.341233659498812,23.341233659498812,True
WSTA,SLBOC,100,1915.86474609375,0.0,1915.86474609375,1915.86474609375,23.341233659498812,1939.2059797532488,13.386780115135405,True,23.341233659498812,0.0,False
WSTA,SP,1,1915.86474609375,,1915.86474609375,1915.86474609375,23.341233659498812,1939.2059797532488,13.386780115135405,True,23.341233659498812,0.0,False
WSTA,TT,1,1915.86474609375,,1915.86474609375,1915.86474609375,23.341233659498812,1939.2059797532488,13.386780115135405,True,23.341233659498812,0.0,False
WSTB,ATWS,1,3831.56591796875,,3831.56591796875,3831.56591796875,46.682648611541026,3878.248566580291,26.773664206069597,True,46.682648611541026,0.0,False
WSTB,FLB,100,3831.56591796875,0.0,3831.56591796875,3831.56591796875,46.682648611541026,3878.248566580291,26.773664206069597,True,46.682648611541026,0.0,False
WSTB,LACP,1,3831.56591796875,,3831.56591796875,3831.56591796875,46.682648611541026,3878.248566580291,26.773664206069597,True,46.682648611541026,0.0,False
WSTB,LLB,101,3831.56591796875,0.0,3831.56591796875,3831.56591796875,46.682648611541026,3878.248566580291,26.773664206069597,True,46.682648611541026,0.0,False
WSTB,LOCA,100,3831.56591796875,0.0,3831.56591796875,3831.56591796875,46.682648611541026,3878.248566580291,26.773664206069597,True,46.682648611541026,0.0,False
WSTB,LOCAC,100,3831.56591796875,0.0,3831.56591796875,3831.56591796875,46.682648611541026,3878.248566580291,26.773664206069597,True,46.682648611541026,0.0,False
WSTB,LOF,1,3831.56591796875,,3831.56591796875,3831.56591796875,46.682648611541026,3878.248566580291,26.773664206069597,True,46.682648611541026,0.0,False
WSTB,LR,99,3831.56591796875,0.0,3831.56591796875,3831.56591796875,46.682648611541026,3878.248566580291,26.773664206069597,True,46.682648611541026,0.0,False
WSTB,MD,100,3831.56591796875,0.0,3831.56591796875,3831.56591796875,46.682648611541026,3878.248566580291,26.773664206069597,True,46.682648611541026,0.0,False
WSTB,RI,100,3831.56591796875,0.0,3831.56591796875,3831.56591796875,46.682648611541026,3878.248566580291,26.773664206069597,True,46.682648611541026,0.0,False
WSTB,RW,100,3831.56591796875,0.0,3831.56591796875,3831.56591796875,46.682648611541026,3878.248566580291,26.773664206069597,True,46.682648611541026,0.0,False
WSTB,SGATR,100,3831.56591796875,0.0,3831.56591796875,3831.56591796875,46.682648611541026,3878.248566580291,26.773664206069597,True,46.682648611541026,0.0,False
WSTB,SGBTR,110,3831.56591796875,0.0,3831.56591796875,3831.56591796875,46.682648611541026,3878.248566580291,26.773664206069597,True,46.682648611541026,0.0,False
WSTB,SLBIC,101,3878.248566580291,81.79993661205123,3831.56591796875,4020.163818359375,46.682648611541026,3878.248566580291,26.773664206069597,True,46.682648611541026,46.682648611541026,True
WSTB,SLBOC,100,3831.56591796875,0.0,3831.56591796875,3831.56591796875,46.682648611541026,3878.248566580291,26.773664206069597,True,46.682648611541026,0.0,False
WSTB,SP,1,3831.56591796875,,3831.56591796875,3831.56591796875,46.682648611541026,3878.248566580291,26.773664206069597,True,46.682648611541026,0.0,False
WSTB,TT,1,3831.56591796875,,3831.56591796875,3831.56591796875,46.682648611541026,3878.248566580291,26.773664206069597,True,46.682648611541026,0.0,False
