split_type,split_id,window_s,evaluation_scope,model,selected_for_test,accuracy,macro_f1,macro_f1_observed,balanced_accuracy,n_classes_eval,minimum_support,eligible_families
random,seed_20260921,60,family_model,hist_gradient_boosting,True,0.44554455445544555,0.33636498077491866,0.39242581090407175,0.44175627240143367,6,5,
random,seed_20260921,60,fine_grained_12_class,hist_gradient_boosting,True,0.44554455445544555,0.2251984126984127,0.33779761904761907,0.39583333333333337,8,5,
random,seed_20260921,60,fine_predictions_mapped_to_family,hist_gradient_boosting,True,0.44554455445544555,0.33636498077491866,0.39242581090407175,0.44175627240143367,6,5,
random,seed_20260921,60,two_stage_end_to_end,family_then_subtype,True,0.44554455445544555,0.2251984126984127,0.33779761904761907,0.39583333333333337,8,5,primary_coolant_boundary_break;steam_generator_tube_rupture
random,seed_20260921,90,family_model,hist_gradient_boosting,True,0.44554455445544555,0.33636498077491866,0.39242581090407175,0.44175627240143367,6,5,
random,seed_20260921,90,fine_grained_12_class,hist_gradient_boosting,True,0.44554455445544555,0.2251984126984127,0.33779761904761907,0.39583333333333337,8,5,
random,seed_20260921,90,fine_predictions_mapped_to_family,hist_gradient_boosting,True,0.44554455445544555,0.33636498077491866,0.39242581090407175,0.44175627240143367,6,5,
random,seed_20260921,90,two_stage_end_to_end,family_then_subtype,True,0.44554455445544555,0.2251984126984127,0.33779761904761907,0.39583333333333337,8,5,primary_coolant_boundary_break;steam_generator_tube_rupture
random,seed_20260921,120,family_model,hist_gradient_boosting,True,1.0,0.8571428571428571,1.0,1.0,6,5,
random,seed_20260921,120,fine_grained_12_class,hist_gradient_boosting,True,1.0,0.6666666666666666,1.0,1.0,8,5,
random,seed_20260921,120,fine_predictions_mapped_to_family,hist_gradient_boosting,True,1.0,0.8571428571428571,1.0,1.0,6,5,
random,seed_20260921,120,two_stage_end_to_end,family_then_subtype,True,1.0,0.6666666666666666,1.0,1.0,8,5,primary_coolant_boundary_break;steam_generator_tube_rupture
random,seed_20261930,60,family_model,hist_gradient_boosting,True,0.42574257425742573,0.3093714766063339,0.3609333893740562,0.4232377538829151,6,5,
random,seed_20261930,60,fine_grained_12_class,hist_gradient_boosting,True,0.42574257425742573,0.20945220193340494,0.3141783029001074,0.3819444444444444,8,5,
random,seed_20261930,60,fine_predictions_mapped_to_family,hist_gradient_boosting,True,0.42574257425742573,0.3093714766063339,0.3609333893740562,0.4232377538829151,6,5,
random,seed_20261930,60,two_stage_end_to_end,family_then_subtype,True,0.42574257425742573,0.20945220193340494,0.3141783029001074,0.3819444444444444,8,5,primary_coolant_boundary_break;steam_generator_tube_rupture
random,seed_20261930,90,family_model,hist_gradient_boosting,True,0.42574257425742573,0.3093714766063339,0.3609333893740562,0.4232377538829151,6,5,
random,seed_20261930,90,fine_grained_12_class,hist_gradient_boosting,True,0.42574257425742573,0.20945220193340494,0.3141783029001074,0.3819444444444444,8,5,
random,seed_20261930,90,fine_predictions_mapped_to_family,hist_gradient_boosting,True,0.42574257425742573,0.3093714766063339,0.3609333893740562,0.4232377538829151,6,5,
random,seed_20261930,90,two_stage_end_to_end,family_then_subtype,True,0.42574257425742573,0.20945220193340494,0.3141783029001074,0.3819444444444444,8,5,primary_coolant_boundary_break;steam_generator_tube_rupture
random,seed_20261930,120,family_model,random_forest,True,0.9702970297029703,0.8392152096752581,0.9790844112878011,0.9838709677419355,6,5,
random,seed_20261930,120,fine_grained_12_class,hist_gradient_boosting,True,0.9900990099009901,0.6617262423714037,0.9925893635571055,0.9921875,8,5,
random,seed_20261930,120,fine_predictions_mapped_to_family,hist_gradient_boosting,True,0.9900990099009901,0.850939932907146,0.9927632550583371,0.9946236559139785,6,5,
random,seed_20261930,120,two_stage_end_to_end,family_then_subtype,True,0.9702970297029703,0.6490408511960236,0.9735612767940355,0.9760416666666667,8,5,primary_coolant_boundary_break;steam_generator_tube_rupture
random,seed_20262939,60,family_model,hist_gradient_boosting,True,0.44554455445544555,0.33636498077491866,0.39242581090407175,0.44175627240143367,6,5,
random,seed_20262939,60,fine_grained_12_class,hist_gradient_boosting,True,0.44554455445544555,0.2251984126984127,0.33779761904761907,0.39583333333333337,8,5,
random,seed_20262939,60,fine_predictions_mapped_to_family,hist_gradient_boosting,True,0.44554455445544555,0.33636498077491866,0.39242581090407175,0.44175627240143367,6,5,
random,seed_20262939,60,two_stage_end_to_end,family_then_subtype,True,0.44554455445544555,0.2251984126984127,0.33779761904761907,0.39583333333333337,8,5,primary_coolant_boundary_break;steam_generator_tube_rupture
random,seed_20262939,90,family_model,hist_gradient_boosting,True,0.44554455445544555,0.33636498077491866,0.39242581090407175,0.44175627240143367,6,5,
random,seed_20262939,90,fine_grained_12_class,hist_gradient_boosting,True,0.44554455445544555,0.2251984126984127,0.33779761904761907,0.39583333333333337,8,5,
random,seed_20262939,90,fine_predictions_mapped_to_family,hist_gradient_boosting,True,0.44554455445544555,0.33636498077491866,0.39242581090407175,0.44175627240143367,6,5,
random,seed_20262939,90,two_stage_end_to_end,family_then_subtype,True,0.44554455445544555,0.2251984126984127,0.33779761904761907,0.39583333333333337,8,5,primary_coolant_boundary_break;steam_generator_tube_rupture
random,seed_20262939,120,family_model,hist_gradient_boosting,True,0.9900990099009901,0.850939932907146,0.9927632550583371,0.9946236559139785,6,5,
random,seed_20262939,120,fine_grained_12_class,logistic_regression,True,0.9603960396039604,0.6470925244181058,0.9706387866271587,0.9677083333333334,8,5,
random,seed_20262939,120,fine_predictions_mapped_to_family,logistic_regression,True,0.9603960396039604,0.833462859124447,0.9723733356451881,0.978494623655914,6,5,
random,seed_20262939,120,two_stage_end_to_end,family_then_subtype,True,0.9900990099009901,0.6617262423714037,0.9925893635571055,0.9921875,8,5,primary_coolant_boundary_break;steam_generator_tube_rupture
random,seed_20263948,60,family_model,hist_gradient_boosting,True,0.44554455445544555,0.33636498077491866,0.39242581090407175,0.44175627240143367,6,5,
random,seed_20263948,60,fine_grained_12_class,hist_gradient_boosting,True,0.44554455445544555,0.2251984126984127,0.33779761904761907,0.39583333333333337,8,5,
random,seed_20263948,60,fine_predictions_mapped_to_family,hist_gradient_boosting,True,0.44554455445544555,0.33636498077491866,0.39242581090407175,0.44175627240143367,6,5,
random,seed_20263948,60,two_stage_end_to_end,family_then_subtype,True,0.44554455445544555,0.2251984126984127,0.33779761904761907,0.39583333333333337,8,5,primary_coolant_boundary_break;steam_generator_tube_rupture
random,seed_20263948,90,family_model,hist_gradient_boosting,True,0.44554455445544555,0.33636498077491866,0.39242581090407175,0.44175627240143367,6,5,
random,seed_20263948,90,fine_grained_12_class,hist_gradient_boosting,True,0.44554455445544555,0.2251984126984127,0.33779761904761907,0.39583333333333337,8,5,
random,seed_20263948,90,fine_predictions_mapped_to_family,hist_gradient_boosting,True,0.44554455445544555,0.33636498077491866,0.39242581090407175,0.44175627240143367,6,5,
random,seed_20263948,90,two_stage_end_to_end,family_then_subtype,True,0.44554455445544555,0.2251984126984127,0.33779761904761907,0.39583333333333337,8,5,primary_coolant_boundary_break;steam_generator_tube_rupture
random,seed_20263948,120,family_model,hist_gradient_boosting,True,0.9900990099009901,0.850939932907146,0.9927632550583371,0.9946236559139785,6,5,
random,seed_20263948,120,fine_grained_12_class,hist_gradient_boosting,True,0.9900990099009901,0.6617262423714037,0.9925893635571055,0.9921875,8,5,
random,seed_20263948,120,fine_predictions_mapped_to_family,hist_gradient_boosting,True,0.9900990099009901,0.850939932907146,0.9927632550583371,0.9946236559139785,6,5,
random,seed_20263948,120,two_stage_end_to_end,family_then_subtype,True,0.9900990099009901,0.6617262423714037,0.9925893635571055,0.9921875,8,5,primary_coolant_boundary_break;steam_generator_tube_rupture
random,seed_20264957,60,family_model,hist_gradient_boosting,True,0.43564356435643564,0.323506435294871,0.37742417451068283,0.4324970131421744,6,5,
random,seed_20264957,60,fine_grained_12_class,hist_gradient_boosting,True,0.43564356435643564,0.21769759450171822,0.32654639175257727,0.3888888888888889,8,5,
random,seed_20264957,60,fine_predictions_mapped_to_family,hist_gradient_boosting,True,0.43564356435643564,0.323506435294871,0.37742417451068283,0.4324970131421744,6,5,
random,seed_20264957,60,two_stage_end_to_end,family_then_subtype,True,0.43564356435643564,0.21769759450171822,0.32654639175257727,0.3888888888888889,8,5,primary_coolant_boundary_break;steam_generator_tube_rupture
random,seed_20264957,90,family_model,hist_gradient_boosting,True,0.43564356435643564,0.323506435294871,0.37742417451068283,0.4324970131421744,6,5,
random,seed_20264957,90,fine_grained_12_class,hist_gradient_boosting,True,0.43564356435643564,0.21769759450171822,0.32654639175257727,0.3888888888888889,8,5,
random,seed_20264957,90,fine_predictions_mapped_to_family,hist_gradient_boosting,True,0.43564356435643564,0.323506435294871,0.37742417451068283,0.4324970131421744,6,5,
random,seed_20264957,90,two_stage_end_to_end,family_then_subtype,True,0.43564356435643564,0.21769759450171822,0.32654639175257727,0.3888888888888889,8,5,primary_coolant_boundary_break;steam_generator_tube_rupture
random,seed_20264957,120,family_model,hist_gradient_boosting,True,1.0,0.8571428571428571,1.0,1.0,6,5,
random,seed_20264957,120,fine_grained_12_class,hist_gradient_boosting,True,0.9900990099009901,0.658004158004158,0.987006237006237,0.9821428571428572,8,5,
random,seed_20264957,120,fine_predictions_mapped_to_family,hist_gradient_boosting,True,0.9900990099009901,0.8422928422928423,0.9826749826749827,0.9761904761904763,6,5,
random,seed_20264957,120,two_stage_end_to_end,family_then_subtype,True,1.0,0.6666666666666666,1.0,1.0,8,5,primary_coolant_boundary_break;steam_generator_tube_rupture
random,seed_20265966,60,family_model,hist_gradient_boosting,True,0.45544554455445546,0.3481232726083984,0.40614381804313154,0.45101553166069297,6,5,
random,seed_20265966,60,fine_grained_12_class,hist_gradient_boosting,True,0.45544554455445546,0.2320574162679426,0.3480861244019139,0.4027777777777778,8,5,
random,seed_20265966,60,fine_predictions_mapped_to_family,hist_gradient_boosting,True,0.45544554455445546,0.3481232726083984,0.40614381804313154,0.45101553166069297,6,5,
random,seed_20265966,60,two_stage_end_to_end,family_then_subtype,True,0.45544554455445546,0.2320574162679426,0.3480861244019139,0.4027777777777778,8,5,primary_coolant_boundary_break;steam_generator_tube_rupture
random,seed_20265966,90,family_model,hist_gradient_boosting,True,0.45544554455445546,0.3481232726083984,0.40614381804313154,0.45101553166069297,6,5,
random,seed_20265966,90,fine_grained_12_class,hist_gradient_boosting,True,0.45544554455445546,0.2320574162679426,0.3480861244019139,0.4027777777777778,8,5,
random,seed_20265966,90,fine_predictions_mapped_to_family,hist_gradient_boosting,True,0.45544554455445546,0.3481232726083984,0.40614381804313154,0.45101553166069297,6,5,
random,seed_20265966,90,two_stage_end_to_end,family_then_subtype,True,0.45544554455445546,0.2320574162679426,0.3480861244019139,0.4027777777777778,8,5,primary_coolant_boundary_break;steam_generator_tube_rupture
random,seed_20265966,120,family_model,hist_gradient_boosting,True,1.0,0.8571428571428571,1.0,1.0,6,5,
random,seed_20265966,120,fine_grained_12_class,random_forest,True,1.0,0.6666666666666666,1.0,1.0,8,5,
random,seed_20265966,120,fine_predictions_mapped_to_family,random_forest,True,1.0,0.8571428571428571,1.0,1.0,6,5,
random,seed_20265966,120,two_stage_end_to_end,family_then_subtype,True,1.0,0.6666666666666666,1.0,1.0,8,5,primary_coolant_boundary_break;steam_generator_tube_rupture
random,seed_20266975,60,family_model,hist_gradient_boosting,True,0.44554455445544555,0.33636498077491866,0.39242581090407175,0.44175627240143367,6,5,
random,seed_20266975,60,fine_grained_12_class,hist_gradient_boosting,True,0.44554455445544555,0.2251984126984127,0.33779761904761907,0.39583333333333337,8,5,
random,seed_20266975,60,fine_predictions_mapped_to_family,hist_gradient_boosting,True,0.44554455445544555,0.33636498077491866,0.39242581090407175,0.44175627240143367,6,5,
random,seed_20266975,60,two_stage_end_to_end,family_then_subtype,True,0.44554455445544555,0.2251984126984127,0.33779761904761907,0.39583333333333337,8,5,primary_coolant_boundary_break;steam_generator_tube_rupture
random,seed_20266975,90,family_model,hist_gradient_boosting,True,0.44554455445544555,0.33636498077491866,0.39242581090407175,0.44175627240143367,6,5,
random,seed_20266975,90,fine_grained_12_class,hist_gradient_boosting,True,0.44554455445544555,0.2251984126984127,0.33779761904761907,0.39583333333333337,8,5,
random,seed_20266975,90,fine_predictions_mapped_to_family,hist_gradient_boosting,True,0.44554455445544555,0.33636498077491866,0.39242581090407175,0.44175627240143367,6,5,
random,seed_20266975,90,two_stage_end_to_end,family_then_subtype,True,0.44554455445544555,0.2251984126984127,0.33779761904761907,0.39583333333333337,8,5,primary_coolant_boundary_break;steam_generator_tube_rupture
random,seed_20266975,120,family_model,hist_gradient_boosting,True,0.9900990099009901,0.8507936507936508,0.9925925925925926,0.9907407407407408,6,5,
random,seed_20266975,120,fine_grained_12_class,hist_gradient_boosting,True,0.9801980198019802,0.6546914160401003,0.9820371240601504,0.9852430555555556,8,5,
random,seed_20266975,120,fine_predictions_mapped_to_family,hist_gradient_boosting,True,0.9801980198019802,0.8449686090014291,0.9857967105016673,0.9853643966547193,6,5,
random,seed_20266975,120,two_stage_end_to_end,family_then_subtype,True,0.9900990099009901,0.6617604617604618,0.9926406926406927,0.9930555555555556,8,5,primary_coolant_boundary_break;steam_generator_tube_rupture
random,seed_20267984,60,family_model,hist_gradient_boosting,True,0.43564356435643564,0.323506435294871,0.37742417451068283,0.4324970131421744,6,5,
random,seed_20267984,60,fine_grained_12_class,hist_gradient_boosting,True,0.43564356435643564,0.21769759450171822,0.32654639175257727,0.3888888888888889,8,5,
random,seed_20267984,60,fine_predictions_mapped_to_family,hist_gradient_boosting,True,0.43564356435643564,0.323506435294871,0.37742417451068283,0.4324970131421744,6,5,
random,seed_20267984,60,two_stage_end_to_end,family_then_subtype,True,0.43564356435643564,0.21769759450171822,0.32654639175257727,0.3888888888888889,8,5,primary_coolant_boundary_break;steam_generator_tube_rupture
random,seed_20267984,90,family_model,hist_gradient_boosting,True,0.43564356435643564,0.323506435294871,0.37742417451068283,0.4324970131421744,6,5,
random,seed_20267984,90,fine_grained_12_class,hist_gradient_boosting,True,0.43564356435643564,0.21769759450171822,0.32654639175257727,0.3888888888888889,8,5,
random,seed_20267984,90,fine_predictions_mapped_to_family,hist_gradient_boosting,True,0.43564356435643564,0.323506435294871,0.37742417451068283,0.4324970131421744,6,5,
random,seed_20267984,90,two_stage_end_to_end,family_then_subtype,True,0.43564356435643564,0.21769759450171822,0.32654639175257727,0.3888888888888889,8,5,primary_coolant_boundary_break;steam_generator_tube_rupture
random,seed_20267984,120,family_model,hist_gradient_boosting,True,1.0,0.8571428571428571,1.0,1.0,6,5,
random,seed_20267984,120,fine_grained_12_class,random_forest,True,1.0,0.6666666666666666,1.0,1.0,8,5,
random,seed_20267984,120,fine_predictions_mapped_to_family,random_forest,True,1.0,0.8571428571428571,1.0,1.0,6,5,
random,seed_20267984,120,two_stage_end_to_end,family_then_subtype,True,1.0,0.6666666666666666,1.0,1.0,8,5,primary_coolant_boundary_break;steam_generator_tube_rupture
random,seed_20268993,60,family_model,hist_gradient_boosting,True,0.42574257425742573,0.3093714766063339,0.3609333893740562,0.4232377538829151,6,5,
random,seed_20268993,60,fine_grained_12_class,hist_gradient_boosting,True,0.42574257425742573,0.20945220193340494,0.3141783029001074,0.3819444444444444,8,5,
random,seed_20268993,60,fine_predictions_mapped_to_family,hist_gradient_boosting,True,0.42574257425742573,0.3093714766063339,0.3609333893740562,0.4232377538829151,6,5,
random,seed_20268993,60,two_stage_end_to_end,family_then_subtype,True,0.42574257425742573,0.20945220193340494,0.3141783029001074,0.3819444444444444,8,5,primary_coolant_boundary_break;steam_generator_tube_rupture
random,seed_20268993,90,family_model,hist_gradient_boosting,True,0.42574257425742573,0.3093714766063339,0.3609333893740562,0.4232377538829151,6,5,
random,seed_20268993,90,fine_grained_12_class,hist_gradient_boosting,True,0.42574257425742573,0.20945220193340494,0.3141783029001074,0.3819444444444444,8,5,
random,seed_20268993,90,fine_predictions_mapped_to_family,hist_gradient_boosting,True,0.42574257425742573,0.3093714766063339,0.3609333893740562,0.4232377538829151,6,5,
random,seed_20268993,90,two_stage_end_to_end,family_then_subtype,True,0.42574257425742573,0.20945220193340494,0.3141783029001074,0.3819444444444444,8,5,primary_coolant_boundary_break;steam_generator_tube_rupture
random,seed_20268993,120,family_model,hist_gradient_boosting,True,0.9801980198019802,0.8442752100840336,0.9849877450980392,0.9814814814814815,6,5,
random,seed_20268993,120,fine_grained_12_class,hist_gradient_boosting,True,0.9504950495049505,0.6385477267830209,0.9578215901745313,0.9534970238095238,8,5,
random,seed_20268993,120,fine_predictions_mapped_to_family,hist_gradient_boosting,True,0.9504950495049505,0.8168171114599686,0.9529532967032966,0.943036354326677,6,5,
random,seed_20268993,120,two_stage_end_to_end,family_then_subtype,True,0.9801980198019802,0.6568627450980392,0.9852941176470589,0.9861111111111112,8,5,primary_coolant_boundary_break;steam_generator_tube_rupture
random,seed_20270002,60,family_model,hist_gradient_boosting,True,0.46534653465346537,0.35892691951896394,0.4187480727721246,0.4602747909199522,6,5,
random,seed_20270002,60,fine_grained_12_class,hist_gradient_boosting,True,0.46534653465346537,0.23835954363243914,0.35753931544865863,0.4097222222222222,8,5,
random,seed_20270002,60,fine_predictions_mapped_to_family,hist_gradient_boosting,True,0.46534653465346537,0.35892691951896394,0.4187480727721246,0.4602747909199522,6,5,
random,seed_20270002,60,two_stage_end_to_end,family_then_subtype,True,0.46534653465346537,0.23835954363243914,0.35753931544865863,0.4097222222222222,8,5,primary_coolant_boundary_break;steam_generator_tube_rupture
random,seed_20270002,90,family_model,hist_gradient_boosting,True,0.46534653465346537,0.35892691951896394,0.4187480727721246,0.4602747909199522,6,5,
random,seed_20270002,90,fine_grained_12_class,hist_gradient_boosting,True,0.46534653465346537,0.23835954363243914,0.35753931544865863,0.4097222222222222,8,5,
random,seed_20270002,90,fine_predictions_mapped_to_family,hist_gradient_boosting,True,0.46534653465346537,0.35892691951896394,0.4187480727721246,0.4602747909199522,6,5,
random,seed_20270002,90,two_stage_end_to_end,family_then_subtype,True,0.46534653465346537,0.23835954363243914,0.35753931544865863,0.4097222222222222,8,5,primary_coolant_boundary_break;steam_generator_tube_rupture
random,seed_20270002,120,family_model,logistic_regression,True,0.9900990099009901,0.8513166162106586,0.9932027189124351,0.9946236559139785,6,5,
random,seed_20270002,120,fine_grained_12_class,logistic_regression,True,0.9702970297029703,0.6507264210267548,0.9760896315401322,0.9659970238095239,8,5,
random,seed_20270002,120,fine_predictions_mapped_to_family,logistic_regression,True,0.9801980198019802,0.8455782312925171,0.9865079365079366,0.989247311827957,6,5,
random,seed_20270002,120,two_stage_end_to_end,family_then_subtype,True,0.9900990099009901,0.6619459742984527,0.992918961447679,0.9921875,8,5,primary_coolant_boundary_break;steam_generator_tube_rupture
severity_blocked,low_block,60,family_model,hist_gradient_boosting,True,0.4174757281553398,0.23709623709623706,0.27661227661227655,0.4166666666666667,6,6,
severity_blocked,low_block,60,fine_grained_12_class,hist_gradient_boosting,True,0.4174757281553398,0.16608391608391607,0.2491258741258741,0.375,8,6,
severity_blocked,low_block,60,fine_predictions_mapped_to_family,hist_gradient_boosting,True,0.4174757281553398,0.23709623709623706,0.27661227661227655,0.4166666666666667,6,6,
severity_blocked,low_block,60,two_stage_end_to_end,family_then_subtype,True,0.4174757281553398,0.16608391608391607,0.2491258741258741,0.375,8,6,primary_coolant_boundary_break;steam_generator_tube_rupture
severity_blocked,low_block,90,family_model,hist_gradient_boosting,True,0.4174757281553398,0.23709623709623706,0.27661227661227655,0.4166666666666667,6,6,
severity_blocked,low_block,90,fine_grained_12_class,hist_gradient_boosting,True,0.4174757281553398,0.16608391608391607,0.2491258741258741,0.375,8,6,
severity_blocked,low_block,90,fine_predictions_mapped_to_family,hist_gradient_boosting,True,0.4174757281553398,0.23709623709623706,0.27661227661227655,0.4166666666666667,6,6,
severity_blocked,low_block,90,two_stage_end_to_end,family_then_subtype,True,0.4174757281553398,0.16608391608391607,0.2491258741258741,0.375,8,6,primary_coolant_boundary_break;steam_generator_tube_rupture
severity_blocked,low_block,120,family_model,hist_gradient_boosting,True,0.8252427184466019,0.6571333428476286,0.7666555666555667,0.8414351851851851,6,6,
severity_blocked,low_block,120,fine_grained_12_class,hist_gradient_boosting,True,0.8446601941747572,0.5522792022792024,0.8284188034188034,0.8888888888888888,8,6,
severity_blocked,low_block,120,fine_predictions_mapped_to_family,hist_gradient_boosting,True,0.8446601941747572,0.6685197155785392,0.7799396681749623,0.8518518518518517,6,6,
severity_blocked,low_block,120,two_stage_end_to_end,family_then_subtype,True,0.6990291262135923,0.46358872608872614,0.6953830891330891,0.7717013888888888,8,6,primary_coolant_boundary_break;steam_generator_tube_rupture
severity_blocked,middle_block,60,family_model,hist_gradient_boosting,True,0.4174757281553398,0.2952380952380952,0.3444444444444444,0.4166666666666667,6,6,
severity_blocked,middle_block,60,fine_grained_12_class,hist_gradient_boosting,True,0.4174757281553398,0.19999999999999998,0.3,0.375,8,6,
severity_blocked,middle_block,60,fine_predictions_mapped_to_family,hist_gradient_boosting,True,0.4174757281553398,0.2952380952380952,0.3444444444444444,0.4166666666666667,6,6,
severity_blocked,middle_block,60,two_stage_end_to_end,family_then_subtype,True,0.4174757281553398,0.19999999999999998,0.3,0.375,8,6,primary_coolant_boundary_break;steam_generator_tube_rupture
severity_blocked,middle_block,90,family_model,hist_gradient_boosting,True,0.4174757281553398,0.2952380952380952,0.3444444444444444,0.4166666666666667,6,6,
severity_blocked,middle_block,90,fine_grained_12_class,hist_gradient_boosting,True,0.4174757281553398,0.19999999999999998,0.3,0.375,8,6,
severity_blocked,middle_block,90,fine_predictions_mapped_to_family,hist_gradient_boosting,True,0.4174757281553398,0.2952380952380952,0.3444444444444444,0.4166666666666667,6,6,
severity_blocked,middle_block,90,two_stage_end_to_end,family_then_subtype,True,0.4174757281553398,0.19999999999999998,0.3,0.375,8,6,primary_coolant_boundary_break;steam_generator_tube_rupture
severity_blocked,middle_block,120,family_model,logistic_regression,True,1.0,0.8571428571428571,1.0,1.0,6,6,
severity_blocked,middle_block,120,fine_grained_12_class,random_forest,True,1.0,0.6666666666666666,1.0,1.0,8,6,
severity_blocked,middle_block,120,fine_predictions_mapped_to_family,random_forest,True,1.0,0.8571428571428571,1.0,1.0,6,6,
severity_blocked,middle_block,120,two_stage_end_to_end,family_then_subtype,True,1.0,0.6666666666666666,1.0,1.0,8,6,primary_coolant_boundary_break;steam_generator_tube_rupture
severity_blocked,high_block,60,family_model,hist_gradient_boosting,True,0.4174757281553398,0.2952380952380952,0.3444444444444444,0.4166666666666667,6,6,
severity_blocked,high_block,60,fine_grained_12_class,hist_gradient_boosting,True,0.4174757281553398,0.19999999999999998,0.3,0.375,8,6,
severity_blocked,high_block,60,fine_predictions_mapped_to_family,hist_gradient_boosting,True,0.4174757281553398,0.2952380952380952,0.3444444444444444,0.4166666666666667,6,6,
severity_blocked,high_block,60,two_stage_end_to_end,family_then_subtype,True,0.4174757281553398,0.19999999999999998,0.3,0.375,8,6,primary_coolant_boundary_break;steam_generator_tube_rupture
severity_blocked,high_block,90,family_model,hist_gradient_boosting,True,0.4174757281553398,0.2952380952380952,0.3444444444444444,0.4166666666666667,6,6,
severity_blocked,high_block,90,fine_grained_12_class,hist_gradient_boosting,True,0.4174757281553398,0.19999999999999998,0.3,0.375,8,6,
severity_blocked,high_block,90,fine_predictions_mapped_to_family,hist_gradient_boosting,True,0.4174757281553398,0.2952380952380952,0.3444444444444444,0.4166666666666667,6,6,
severity_blocked,high_block,90,two_stage_end_to_end,family_then_subtype,True,0.4174757281553398,0.19999999999999998,0.3,0.375,8,6,primary_coolant_boundary_break;steam_generator_tube_rupture
severity_blocked,high_block,120,family_model,random_forest,True,0.8543689320388349,0.649069399069399,0.7572476322476321,0.7666666666666666,6,6,
severity_blocked,high_block,120,fine_grained_12_class,random_forest,True,0.9320388349514563,0.5604398865268431,0.8406598297902645,0.875,8,6,
severity_blocked,high_block,120,fine_predictions_mapped_to_family,random_forest,True,0.9320388349514563,0.6923538923538924,0.8077462077462078,0.8333333333333334,6,6,
severity_blocked,high_block,120,two_stage_end_to_end,family_then_subtype,True,0.8543689320388349,0.5080997146214538,0.7621495719321807,0.7840909090909091,8,6,primary_coolant_boundary_break;steam_generator_tube_rupture
severity_extrapolation,low_train_to_high_test,60,family_model,hist_gradient_boosting,True,0.4174757281553398,0.2952380952380952,0.3444444444444444,0.4166666666666667,6,6,
severity_extrapolation,low_train_to_high_test,60,fine_grained_12_class,hist_gradient_boosting,True,0.4174757281553398,0.19999999999999998,0.3,0.375,8,6,
severity_extrapolation,low_train_to_high_test,60,fine_predictions_mapped_to_family,hist_gradient_boosting,True,0.4174757281553398,0.2952380952380952,0.3444444444444444,0.4166666666666667,6,6,
severity_extrapolation,low_train_to_high_test,60,two_stage_end_to_end,family_then_subtype,True,0.4174757281553398,0.19999999999999998,0.3,0.375,8,6,primary_coolant_boundary_break;steam_generator_tube_rupture
severity_extrapolation,low_train_to_high_test,90,family_model,hist_gradient_boosting,True,0.4174757281553398,0.2952380952380952,0.3444444444444444,0.4166666666666667,6,6,
severity_extrapolation,low_train_to_high_test,90,fine_grained_12_class,hist_gradient_boosting,True,0.4174757281553398,0.19999999999999998,0.3,0.375,8,6,
severity_extrapolation,low_train_to_high_test,90,fine_predictions_mapped_to_family,hist_gradient_boosting,True,0.4174757281553398,0.2952380952380952,0.3444444444444444,0.4166666666666667,6,6,
severity_extrapolation,low_train_to_high_test,90,two_stage_end_to_end,family_then_subtype,True,0.4174757281553398,0.19999999999999998,0.3,0.375,8,6,primary_coolant_boundary_break;steam_generator_tube_rupture
severity_extrapolation,low_train_to_high_test,120,family_model,random_forest,True,0.8543689320388349,0.649069399069399,0.7572476322476321,0.7666666666666666,6,6,
severity_extrapolation,low_train_to_high_test,120,fine_grained_12_class,random_forest,True,0.9320388349514563,0.5604398865268431,0.8406598297902645,0.875,8,6,
severity_extrapolation,low_train_to_high_test,120,fine_predictions_mapped_to_family,random_forest,True,0.9320388349514563,0.6923538923538924,0.8077462077462078,0.8333333333333334,6,6,
severity_extrapolation,low_train_to_high_test,120,two_stage_end_to_end,family_then_subtype,True,0.8543689320388349,0.5080997146214538,0.7621495719321807,0.7840909090909091,8,6,primary_coolant_boundary_break;steam_generator_tube_rupture
severity_extrapolation,high_train_to_low_test,60,family_model,hist_gradient_boosting,True,0.4174757281553398,0.23709623709623706,0.27661227661227655,0.4166666666666667,6,6,
severity_extrapolation,high_train_to_low_test,60,fine_grained_12_class,hist_gradient_boosting,True,0.4174757281553398,0.16608391608391607,0.2491258741258741,0.375,8,6,
severity_extrapolation,high_train_to_low_test,60,fine_predictions_mapped_to_family,hist_gradient_boosting,True,0.4174757281553398,0.23709623709623706,0.27661227661227655,0.4166666666666667,6,6,
severity_extrapolation,high_train_to_low_test,60,two_stage_end_to_end,family_then_subtype,True,0.4174757281553398,0.16608391608391607,0.2491258741258741,0.375,8,6,primary_coolant_boundary_break;steam_generator_tube_rupture
severity_extrapolation,high_train_to_low_test,90,family_model,hist_gradient_boosting,True,0.4174757281553398,0.23709623709623706,0.27661227661227655,0.4166666666666667,6,6,
severity_extrapolation,high_train_to_low_test,90,fine_grained_12_class,hist_gradient_boosting,True,0.4174757281553398,0.16608391608391607,0.2491258741258741,0.375,8,6,
severity_extrapolation,high_train_to_low_test,90,fine_predictions_mapped_to_family,hist_gradient_boosting,True,0.4174757281553398,0.23709623709623706,0.27661227661227655,0.4166666666666667,6,6,
severity_extrapolation,high_train_to_low_test,90,two_stage_end_to_end,family_then_subtype,True,0.4174757281553398,0.16608391608391607,0.2491258741258741,0.375,8,6,primary_coolant_boundary_break;steam_generator_tube_rupture
severity_extrapolation,high_train_to_low_test,120,family_model,hist_gradient_boosting,True,0.7961165048543689,0.6171606845014327,0.7200207985850048,0.8177083333333334,6,6,
severity_extrapolation,high_train_to_low_test,120,fine_grained_12_class,hist_gradient_boosting,True,0.6699029126213593,0.4047369833601718,0.6071054750402577,0.75,8,6,
severity_extrapolation,high_train_to_low_test,120,fine_predictions_mapped_to_family,hist_gradient_boosting,True,0.6699029126213593,0.5443500054484036,0.6350750063564709,0.75,6,6,
severity_extrapolation,high_train_to_low_test,120,two_stage_end_to_end,family_then_subtype,True,0.7087378640776699,0.4576171399395153,0.686425709909273,0.78125,8,6,primary_coolant_boundary_break;steam_generator_tube_rupture
