sample_id,target,status,target_family,k,original_score,top_k_features,top_k_removal_effect,random_removal_effect_mean,random_removal_effect_std,top_minus_random,top_effect_exceeds_random,method
FLB_10,family_score,accepted,feedwater_line_break,5,0.9977101783297695,"[""P__std"", ""P__last"", ""TAVG__last"", ""LSGA__last"", ""WSTA__std""]",0.9345285305263232,0.17193047554940208,0.34386095109880416,0.7625980549769211,True,reference replacement in frozen model input space
FLB_12,family_score,accepted,feedwater_line_break,5,0.9977101783297695,"[""P__std"", ""P__last"", ""TAVG__last"", ""LSGA__last"", ""WSTA__std""]",0.9345285305263232,1.7601836335590093e-06,3.5203672671180185e-06,0.9345267703426897,True,reference replacement in frozen model input space
FLB_14,family_score,accepted,feedwater_line_break,5,0.9977101783297695,"[""P__std"", ""P__last"", ""TAVG__last"", ""LSGA__last"", ""WSTA__std""]",0.9345285305263232,3.347761626983914e-05,6.695523253967828e-05,0.9344950529100534,True,reference replacement in frozen model input space
FLB_25,family_score,accepted,feedwater_line_break,5,0.9977101783297695,"[""P__std"", ""P__last"", ""TAVG__last"", ""LSGA__last"", ""WSTA__std""]",0.9345285305263232,0.1756781117667479,0.3420685522152755,0.7588504187595753,True,reference replacement in frozen model input space
FLB_36,family_score,accepted,feedwater_line_break,5,0.9977101783297695,"[""P__std"", ""P__last"", ""TAVG__last"", ""LSGA__last"", ""WSTA__std""]",0.9345285305263232,4.676655736579604e-06,9.353311473159209e-06,0.9345238538705867,True,reference replacement in frozen model input space
FLB_38,family_score,accepted,feedwater_line_break,5,0.9977101783297695,"[""P__std"", ""P__last"", ""TAVG__last"", ""LSGA__last"", ""WSTA__std""]",0.9345285305263232,0.0066827968946647776,0.008375040180326223,0.9278457336316585,True,reference replacement in frozen model input space
FLB_40,family_score,accepted,feedwater_line_break,5,0.9977101783297695,"[""P__std"", ""P__last"", ""TAVG__last"", ""LSGA__last"", ""WSTA__std""]",0.9345285305263232,0.007805585658247116,0.009559851003145896,0.9267229448680762,True,reference replacement in frozen model input space
FLB_41,family_score,accepted,feedwater_line_break,5,0.9977101783297695,"[""P__std"", ""P__last"", ""TAVG__last"", ""LSGA__last"", ""WSTA__std""]",0.9345285305263232,0.0,0.0,0.9345285305263232,True,reference replacement in frozen model input space
FLB_52,family_score,accepted,feedwater_line_break,5,0.9977101783297695,"[""P__std"", ""P__last"", ""TAVG__last"", ""LSGA__last"", ""WSTA__std""]",0.9345285305263232,-4.5719495507756666e-05,9.143899101551333e-05,0.934574250021831,True,reference replacement in frozen model input space
FLB_55,family_score,accepted,feedwater_line_break,5,0.9977101783297695,"[""P__std"", ""P__last"", ""TAVG__last"", ""LSGA__last"", ""WSTA__std""]",0.9345285305263232,-3.623380864345993e-05,9.792019064036538e-05,0.9345647643349667,True,reference replacement in frozen model input space
FLB_60,family_score,accepted,feedwater_line_break,5,0.9977101783297695,"[""P__std"", ""P__last"", ""TAVG__last"", ""LSGA__last"", ""WSTA__std""]",0.9345285305263232,-7.611524813930793e-05,0.00015982462298601207,0.9346046457744626,True,reference replacement in frozen model input space
FLB_62,family_score,accepted,feedwater_line_break,5,0.9977101783297695,"[""P__std"", ""P__last"", ""TAVG__last"", ""LSGA__last"", ""WSTA__std""]",0.9345285305263232,0.0,0.0,0.9345285305263232,True,reference replacement in frozen model input space
FLB_63,family_score,accepted,feedwater_line_break,5,0.9977101783297695,"[""P__std"", ""P__last"", ""TAVG__last"", ""LSGA__last"", ""WSTA__std""]",0.9345285305263232,2.9955288100680376e-06,5.991057620136076e-06,0.9345255349975131,True,reference replacement in frozen model input space
FLB_66,family_score,accepted,feedwater_line_break,5,0.9977101783297695,"[""P__std"", ""P__last"", ""TAVG__last"", ""LSGA__last"", ""WSTA__std""]",0.9345285305263232,0.0003733269568066522,0.0009567753514282267,0.9341552035695165,True,reference replacement in frozen model input space
FLB_72,family_score,accepted,feedwater_line_break,5,0.9977101783297695,"[""P__std"", ""P__last"", ""TAVG__last"", ""LSGA__last"", ""WSTA__std""]",0.9345285305263232,-7.735059331581695e-05,0.00015913815410981716,0.934605881119639,True,reference replacement in frozen model input space
FLB_8,family_score,accepted,feedwater_line_break,5,0.9977101783297695,"[""P__std"", ""P__last"", ""TAVG__last"", ""LSGA__last"", ""WSTA__std""]",0.9345285305263232,4.676655736579604e-06,9.353311473159209e-06,0.9345238538705867,True,reference replacement in frozen model input space
FLB_81,family_score,accepted,feedwater_line_break,5,0.9977101783297695,"[""P__std"", ""P__last"", ""TAVG__last"", ""LSGA__last"", ""WSTA__std""]",0.9345285305263232,-7.611524813930793e-05,0.00015982462298601207,0.9346046457744626,True,reference replacement in frozen model input space
FLB_83,family_score,accepted,feedwater_line_break,5,0.9977101783297695,"[""P__std"", ""P__last"", ""TAVG__last"", ""LSGA__last"", ""WSTA__std""]",0.9345285305263232,0.0,0.0,0.9345285305263232,True,reference replacement in frozen model input space
FLB_85,family_score,accepted,feedwater_line_break,5,0.9977101783297695,"[""P__std"", ""P__last"", ""TAVG__last"", ""LSGA__last"", ""WSTA__std""]",0.9345285305263232,0.0,0.0,0.9345285305263232,True,reference replacement in frozen model input space
FLB_92,family_score,accepted,feedwater_line_break,5,0.9977101783297695,"[""P__std"", ""P__last"", ""TAVG__last"", ""LSGA__last"", ""WSTA__std""]",0.9345285305263232,-4.5719495507756666e-05,9.143899101551333e-05,0.934574250021831,True,reference replacement in frozen model input space
LOCAC_12,family_score,requires_review,primary_coolant_boundary_break,5,0.9793612585081954,"[""WSTA__std"", ""QMGB__slope"", ""WSTA__last"", ""TAVG__last"", ""WSTA__mean""]",0.604403664064407,0.0467547300539229,0.0935094601078458,0.5576489340104841,True,reference replacement in frozen model input space
LOCAC_19,family_score,accepted,primary_coolant_boundary_break,5,0.9989539822509846,"[""WSTA__std"", ""WSTB__last"", ""WSTA__last"", ""TAVG__last"", ""WSTA__mean""]",0.4193874494952816,3.714457494947698e-05,4.941642084822358e-05,0.41935030492033215,True,reference replacement in frozen model input space
LOCAC_19,loca_severity,accepted,primary_coolant_boundary_break,5,12.950941798941805,"[""QMGB__std"", ""TCA__mean"", ""WFWB__slope"", ""QMGB__slope"", ""THA__mean""]",-2.580015873015858,-0.5514396825396816,0.3727327597542291,-2.0285761904761768,False,reference replacement in frozen severity model input space
LOCAC_20,family_score,accepted,primary_coolant_boundary_break,5,0.9989539822509846,"[""WSTA__std"", ""WSTB__last"", ""WSTA__last"", ""TAVG__last"", ""WSTA__mean""]",0.4193874494952816,2.2812519737280822e-05,4.5625039474561645e-05,0.4193646369755443,True,reference replacement in frozen model input space
LOCAC_20,loca_severity,accepted,primary_coolant_boundary_break,5,13.764812169312176,"[""WFWB__slope"", ""QMGB__slope"", ""TCA__mean"", ""THA__mean"", ""PSGA__last""]",-2.445626984126971,-0.7703386243386191,0.4576034211612468,-1.6752883597883517,False,reference replacement in frozen severity model input space
LOCAC_24,family_score,accepted,primary_coolant_boundary_break,5,0.9811389273815992,"[""WSTA__std"", ""QMGB__slope"", ""WSTA__last"", ""TAVG__last"", ""WSTA__mean""]",0.5844123611877136,0.0022651472260658556,0.002657894094181798,0.5821472139616477,True,reference replacement in frozen model input space
LOCAC_24,loca_severity,accepted,primary_coolant_boundary_break,5,17.315370370370363,"[""THA__std"", ""QMGB__slope"", ""QMWT__std"", ""TCA__mean"", ""WFWA__slope""]",-0.34627777777778235,-0.18250740740740384,0.43821916204238537,-0.1637703703703785,False,reference replacement in frozen severity model input space
LOCAC_25,family_score,accepted,primary_coolant_boundary_break,5,0.9987922096592504,"[""WSTA__std"", ""WSTB__last"", ""WSTA__last"", ""TAVG__last"", ""NSGB__last""]",0.39210612088142993,6.293727042194774e-05,0.0001258745408438955,0.392043183611008,True,reference replacement in frozen model input space
LOCAC_25,loca_severity,accepted,primary_coolant_boundary_break,5,17.56214814814814,"[""THA__std"", ""QMWT__std"", ""QMGB__slope"", ""TCA__mean"", ""WFWA__slope""]",-0.2468333333333348,0.10266746031746195,0.4511247257336956,-0.3495007936507967,False,reference replacement in frozen severity model input space
LOCAC_27,family_score,accepted,primary_coolant_boundary_break,5,0.9987922096592504,"[""WSTA__std"", ""WSTB__last"", ""WSTA__last"", ""TAVG__last"", ""NSGB__last""]",0.39210612088142993,2.633587489637712e-05,5.267174979275424e-05,0.39207978500653357,True,reference replacement in frozen model input space
LOCAC_27,loca_severity,accepted,primary_coolant_boundary_break,5,18.39770370370369,"[""THA__std"", ""RHMT__std"", ""QMWT__std"", ""QMGB__slope"", ""TCA__std""]",1.7867777777777683,-0.22416666666667168,0.7486371423793111,2.0109444444444398,True,reference replacement in frozen severity model input space
LOCAC_3,family_score,requires_review,primary_coolant_boundary_break,5,0.9951243605683667,"[""WSTA__std"", ""LSGA__last"", ""P__last"", ""TAVG__last"", ""QMWT__std""]",0.793099251613571,0.00011796416553495614,0.00019402563941254774,0.792981287448036,True,reference replacement in frozen model input space
LOCAC_31,family_score,accepted,primary_coolant_boundary_break,5,0.9987922096592504,"[""WSTA__std"", ""WSTB__last"", ""WSTA__last"", ""TAVG__last"", ""NSGB__last""]",0.39210612088142993,0.03679282486272335,0.07351982772676029,0.3553132960187066,True,reference replacement in frozen model input space
LOCAC_31,loca_severity,accepted,primary_coolant_boundary_break,5,19.77206878306878,"[""THA__std"", ""QMGB__slope"", ""RHMT__std"", ""QMWT__std"", ""TCA__std""]",1.8484444444444499,-0.20056560846560742,0.39943365010254633,2.0490100529100572,True,reference replacement in frozen severity model input space
LOCAC_33,family_score,accepted,primary_coolant_boundary_break,5,0.9881660792176356,"[""WSTA__std"", ""QMGB__slope"", ""WSTB__last"", ""WSTA__last"", ""TAVG__last""]",0.5538349470808028,0.003228990369742801,0.005900721170606988,0.55060595671106,True,reference replacement in frozen model input space
LOCAC_33,loca_severity,accepted,primary_coolant_boundary_break,5,19.861791005291,"[""THA__std"", ""PWNT__std"", ""QMGB__slope"", ""RHMT__std"", ""QMWT__std""]",1.9419444444444451,-0.34783333333333244,0.2980367632016267,2.2897777777777777,True,reference replacement in frozen severity model input space
LOCAC_39,family_score,accepted,primary_coolant_boundary_break,5,0.9987922096592504,"[""WSTA__std"", ""WSTB__last"", ""WSTA__last"", ""TAVG__last"", ""NSGB__last""]",0.39210612088142993,0.0,0.0,0.39210612088142993,True,reference replacement in frozen model input space
LOCAC_39,loca_severity,accepted,primary_coolant_boundary_break,5,19.863346560846555,"[""THA__std"", ""PWNT__std"", ""QMGB__slope"", ""RHMT__std"", ""QMWT__std""]",1.9419444444444487,-0.5048261904761894,0.4541291975528996,2.446770634920638,True,reference replacement in frozen severity model input space
LOCAC_53,family_score,accepted,primary_coolant_boundary_break,5,0.9881660792176356,"[""WSTA__std"", ""QMGB__slope"", ""WSTB__last"", ""WSTA__last"", ""TAVG__last""]",0.5538349470808028,0.00039896664617993237,0.0007979332923598647,0.5534359804346229,True,reference replacement in frozen model input space
LOCAC_53,loca_severity,accepted,primary_coolant_boundary_break,5,19.97902116402116,"[""THA__std"", ""QMGB__slope"", ""PWNT__std"", ""RHMT__std"", ""QMWT__std""]",1.8811111111111174,-0.6662544973544975,0.33283717348670483,2.547365608465615,True,reference replacement in frozen severity model input space
LOCAC_54,family_score,accepted,primary_coolant_boundary_break,5,0.9811389273815992,"[""WSTA__std"", ""QMGB__slope"", ""WSTA__last"", ""TAVG__last"", ""WSTA__mean""]",0.5844123611877136,0.002214160354420258,0.0031022707992788903,0.5821982008332933,True,reference replacement in frozen model input space
LOCAC_54,loca_severity,accepted,primary_coolant_boundary_break,5,19.97902116402116,"[""THA__std"", ""QMGB__slope"", ""PWNT__std"", ""RHMT__std"", ""QMWT__std""]",1.8811111111111174,-0.36693412698412475,0.47438567921894825,2.248045238095242,True,reference replacement in frozen severity model input space
LOCAC_67,family_score,requires_review,primary_coolant_boundary_break,5,0.9989080451365316,"[""WSTA__std"", ""WSTB__last"", ""WSTA__last"", ""TAVG__last"", ""WSTA__mean""]",0.4302822174590807,1.3016792304987313e-05,2.6033584609974626e-05,0.4302692006667757,True,reference replacement in frozen model input space
LOCAC_71,family_score,requires_review,primary_coolant_boundary_break,5,0.9988176900664669,"[""WSTA__std"", ""WSTB__last"", ""WSTA__last"", ""TAVG__last"", ""WSTA__mean""]",0.43019186238901597,0.0,0.0,0.43019186238901597,True,reference replacement in frozen model input space
LOCAC_77,family_score,requires_review,primary_coolant_boundary_break,5,0.9986087058181911,"[""WSTA__std"", ""WSTB__last"", ""WSTA__last"", ""WSTA__mean"", ""PSGA__slope""]",0.36957661774135964,0.0,0.0,0.36957661774135964,True,reference replacement in frozen model input space
LOCAC_9,family_score,requires_review,primary_coolant_boundary_break,5,0.9985164842059817,"[""WSTA__std"", ""WSTB__last"", ""WSTA__last"", ""TAVG__last"", ""QMWT__std""]",0.6432034392307382,2.149215653912684e-06,4.298431307825368e-06,0.6432012900150843,True,reference replacement in frozen model input space
LOCA_16,family_score,accepted,primary_coolant_boundary_break,5,0.9989155150779903,"[""WSTA__std"", ""WSTB__last"", ""WSTA__last"", ""TAVG__last"", ""WSTA__mean""]",0.65180426779608,9.527517154712672e-05,0.00018592898832954383,0.6517089926245329,True,reference replacement in frozen model input space
LOCA_16,loca_severity,accepted,primary_coolant_boundary_break,5,15.947431216931214,"[""RH__mean"", ""RH__delta_t0"", ""QMGB__slope"", ""TCB__std"", ""LSGA__mean""]",-1.6915820105820103,-0.3061126984127,0.17589926816846702,-1.3854693121693102,False,reference replacement in frozen severity model input space
LOCA_19,family_score,accepted,primary_coolant_boundary_break,5,0.9990822629301883,"[""WSTA__std"", ""WSTB__last"", ""WSTA__last"", ""TAVG__last"", ""WSTA__mean""]",0.621911261310388,2.835795995230761e-05,6.324521147604178e-05,0.6218829033504357,True,reference replacement in frozen model input space
LOCA_19,loca_severity,accepted,primary_coolant_boundary_break,5,18.86970767195767,"[""LSGA__mean"", ""RH__delta_t0"", ""QMGB__slope"", ""TCA__mean"", ""PSGB__last""]",-1.2911984126984137,-0.2603023809523819,0.10261738824870946,-1.0308960317460318,False,reference replacement in frozen severity model input space
LOCA_23,family_score,accepted,primary_coolant_boundary_break,5,0.9990822629301883,"[""WSTA__std"", ""WSTB__last"", ""WSTA__last"", ""TAVG__last"", ""WSTA__mean""]",0.621911261310388,1.8631585119166516e-06,3.7263170238333028e-06,0.6219093981518761,True,reference replacement in frozen model input space
LOCA_23,loca_severity,accepted,primary_coolant_boundary_break,5,23.67686375661374,"[""LSGA__mean"", ""NSGA__std"", ""NSGB__std"", ""RH__mean"", ""PWNT__mean""]",-0.8717936507936521,-0.15474973544973664,0.11779833166583759,-0.7170439153439154,False,reference replacement in frozen severity model input space
LOCA_40,family_score,accepted,primary_coolant_boundary_break,5,0.9990453896988335,"[""WSTA__std"", ""WSTB__last"", ""WSTA__last"", ""TAVG__last"", ""WSTA__mean""]",0.62893255012796,6.941385751526585e-05,0.00010537746938397379,0.6288631362704448,True,reference replacement in frozen model input space
LOCA_40,loca_severity,accepted,primary_coolant_boundary_break,5,38.15948677248676,"[""LSGA__delta_t0"", ""QMGA__slope"", ""PSGB__delta_t0"", ""RHMT__slope"", ""THB__slope""]",0.7323730158730086,0.15528888888889014,0.05268899432952606,0.5770841269841185,True,reference replacement in frozen severity model input space
LOCA_41,family_score,accepted,primary_coolant_boundary_break,5,0.9990453896988335,"[""WSTA__std"", ""WSTB__last"", ""WSTA__last"", ""TAVG__last"", ""WSTA__mean""]",0.62893255012796,-4.380346554389014e-06,8.760693108778028e-06,0.6289369304745144,True,reference replacement in frozen model input space
LOCA_41,loca_severity,accepted,primary_coolant_boundary_break,5,38.46813756613755,"[""LSGA__delta_t0"", ""RH__last"", ""QMGA__slope"", ""PSGB__delta_t0"", ""THB__delta_t0""]",0.7945952380952264,0.16815793650793295,0.058082209832419504,0.6264373015872934,True,reference replacement in frozen severity model input space
LOCA_42,family_score,accepted,primary_coolant_boundary_break,5,0.9990453896988335,"[""WSTA__std"", ""WSTB__last"", ""WSTA__last"", ""TAVG__last"", ""WSTA__mean""]",0.62893255012796,5.4396991304628274e-05,0.00010879398260925655,0.6288781531366554,True,reference replacement in frozen model input space
LOCA_42,loca_severity,accepted,primary_coolant_boundary_break,5,42.75207407407406,"[""LSGA__delta_t0"", ""THA__last"", ""QMWT__std"", ""TFPK__delta_t0"", ""RH__last""]",1.1422380952381062,0.31109285714285306,0.10608563867784437,0.8311452380952531,True,reference replacement in frozen severity model input space
LOCA_46,family_score,accepted,primary_coolant_boundary_break,5,0.9990453896988335,"[""WSTA__std"", ""WSTB__last"", ""WSTA__last"", ""TAVG__last"", ""WSTA__mean""]",0.62893255012796,0.00010879398260925655,0.00013324487223895267,0.6288237561453508,True,reference replacement in frozen model input space
LOCA_46,loca_severity,accepted,primary_coolant_boundary_break,5,47.5742791005291,"[""LSGA__delta_t0"", ""TFPK__delta_t0"", ""RHMT__std"", ""NSGA__slope"", ""RHFL__mean""]",1.3358650793650853,0.3089333333333329,0.14776140845011224,1.0269317460317524,True,reference replacement in frozen severity model input space
LOCA_48,family_score,accepted,primary_coolant_boundary_break,5,0.9990453896988335,"[""WSTA__std"", ""WSTB__last"", ""WSTA__last"", ""TAVG__last"", ""WSTA__mean""]",0.62893255012796,0.0,0.0,0.62893255012796,True,reference replacement in frozen model input space
LOCA_48,loca_severity,accepted,primary_coolant_boundary_break,5,48.21423148148148,"[""LSGA__delta_t0"", ""NSGA__slope"", ""TFPK__delta_t0"", ""RHMT__std"", ""PWR__std""]",1.3968650793650852,0.3829216931216948,0.10027056018620592,1.0139433862433904,True,reference replacement in frozen severity model input space
LOCA_5,family_score,requires_review,primary_coolant_boundary_break,5,0.9988407956965423,"[""WSTA__std"", ""WSTB__last"", ""WSTA__last"", ""TAVG__last"", ""P__last""]",0.5853089441538665,0.0,0.0,0.5853089441538665,True,reference replacement in frozen model input space
LOCA_59,family_score,requires_review,primary_coolant_boundary_break,5,0.9981677463757876,"[""WSTA__std"", ""WSTB__last"", ""WSTA__mean"", ""QMGA__last"", ""LSGA__mean""]",0.6467409725001687,0.09710417274158005,0.19420834548316013,0.5496367997585887,True,reference replacement in frozen model input space
LOCA_69,family_score,requires_review,primary_coolant_boundary_break,5,0.998640117072589,"[""WSTA__std"", ""WSTB__last"", ""WSTA__last"", ""WSTA__mean"", ""LSGA__mean""]",0.6455746907256555,3.5520893228269126e-05,7.104178645653825e-05,0.6455391698324273,True,reference replacement in frozen model input space
LOCA_70,family_score,requires_review,primary_coolant_boundary_break,5,0.9977456765734983,"[""WSTA__std"", ""WSTA__last"", ""WSTA__mean"", ""NSGA__slope"", ""LSGA__mean""]",0.6446802502265648,0.00018090954964955497,0.0003618190992991099,0.6444993406769153,True,reference replacement in frozen model input space
LOCA_73,family_score,requires_review,primary_coolant_boundary_break,5,0.9978347255105035,"[""WSTA__std"", ""WSTB__last"", ""WSTA__mean"", ""NSGA__last"", ""NSGA__slope""]",0.6495590135635958,-8.079652342307675e-06,1.615930468461535e-05,0.6495670932159381,True,reference replacement in frozen model input space
LOCA_75,family_score,requires_review,primary_coolant_boundary_break,5,0.9984862588998974,"[""WSTA__std"", ""WSTB__last"", ""WSTA__last"", ""WSTA__mean"", ""NSGA__last""]",0.6576809811563827,0.0,0.0,0.6576809811563827,True,reference replacement in frozen model input space
LOCA_77,family_score,requires_review,primary_coolant_boundary_break,5,0.9978347255105035,"[""WSTA__std"", ""WSTB__last"", ""WSTA__mean"", ""NSGA__last"", ""NSGA__slope""]",0.6495590135635958,-3.0930932828909796e-05,6.186186565781959e-05,0.6495899444964247,True,reference replacement in frozen model input space
LR_79,family_score,requires_review,turbine_and_load_transient,5,0.9937529199669575,"[""TAVG__last"", ""LSGB__mean"", ""LSGA__mean"", ""PSGA__std"", ""RH__last""]",0.6199831822824122,0.004474039449694977,0.005479556870417571,0.6155091428327173,True,reference replacement in frozen model input space
LR_80,family_score,requires_review,turbine_and_load_transient,5,0.9937529199669575,"[""TAVG__last"", ""LSGB__mean"", ""LSGA__mean"", ""PSGA__std"", ""RH__last""]",0.6199831822824122,0.00472354495752898,0.004652809292224855,0.6152596373248832,True,reference replacement in frozen model input space
LR_93,family_score,unknown,turbine_and_load_transient,5,0.9671153659463058,"[""LSGB__mean"", ""PSGA__std"", ""LSGA__mean"", ""TAVG__last"", ""RH__last""]",0.8063972556655801,0.010371468695316622,0.020742937390633244,0.7960257869702635,True,reference replacement in frozen model input space
LR_95,family_score,requires_review,turbine_and_load_transient,5,0.9937529199669575,"[""TAVG__last"", ""LSGB__mean"", ""LSGA__mean"", ""PSGA__std"", ""RH__last""]",0.6199831822824122,0.003827015208397877,0.007654030416795753,0.6161561670740143,True,reference replacement in frozen model input space
LR_97,family_score,requires_review,turbine_and_load_transient,5,0.9937529199669575,"[""TAVG__last"", ""LSGB__mean"", ""LSGA__mean"", ""PSGA__std"", ""RH__last""]",0.6199831822824122,0.0005613723396018066,0.0011227446792036132,0.6194218099428104,True,reference replacement in frozen model input space
RI_-20,family_score,unknown,reactivity_and_control,5,0.9948999328456963,"[""PSGB__mean"", ""LSGB__mean"", ""TCB__slope"", ""TCB__delta_t0"", ""PSGA__slope""]",0.9295518164378207,0.01265088843437585,0.01549595187580672,0.9169009280034448,True,reference replacement in frozen model input space
RI_-29,family_score,unknown,reactivity_and_control,5,0.9955358108950578,"[""PSGB__mean"", ""LSGB__mean"", ""TCB__slope"", ""TCB__delta_t0"", ""NSGB__last""]",0.9243021844655049,0.0,0.0,0.9243021844655049,True,reference replacement in frozen model input space
RI_-33,family_score,unknown,reactivity_and_control,5,0.9955358108950578,"[""PSGB__mean"", ""LSGB__mean"", ""TCB__slope"", ""TCB__delta_t0"", ""NSGB__last""]",0.9243021844655049,0.01136013405635632,0.013913265923843331,0.9129420504091487,True,reference replacement in frozen model input space
RI_-34,family_score,unknown,reactivity_and_control,5,0.9955358108950578,"[""PSGB__mean"", ""LSGB__mean"", ""TCB__slope"", ""TCB__delta_t0"", ""NSGB__last""]",0.9243021844655049,0.0,0.0,0.9243021844655049,True,reference replacement in frozen model input space
RI_-35,family_score,unknown,reactivity_and_control,5,0.9955358108950578,"[""PSGB__mean"", ""LSGB__mean"", ""TCB__slope"", ""TCB__delta_t0"", ""NSGB__last""]",0.9243021844655049,0.0,0.0,0.9243021844655049,True,reference replacement in frozen model input space
RI_-4,family_score,unknown,reactivity_and_control,5,0.9955420975126071,"[""PSGB__mean"", ""LSGB__mean"", ""TCB__slope"", ""TCB__delta_t0"", ""RH__last""]",0.9206746700974905,0.011114931377359461,0.013614488297137385,0.9095597387201311,True,reference replacement in frozen model input space
RI_-8,family_score,unknown,reactivity_and_control,5,0.9949655805180667,"[""PSGB__mean"", ""LSGB__mean"", ""TCB__slope"", ""TCB__delta_t0"", ""RH__last""]",0.9233631219674059,0.0,0.0,0.9233631219674059,True,reference replacement in frozen model input space
SGATR_57,family_score,requires_review,steam_generator_tube_rupture,5,0.9983132755516201,"[""P__std"", ""QMWT__std"", ""P__last"", ""NSGB__last"", ""TAVG__last""]",0.8349196471704543,0.00685741066136436,0.013714821322728723,0.8280622365090899,True,reference replacement in frozen model input space
SGATR_67,family_score,accepted,steam_generator_tube_rupture,5,0.9983132755516201,"[""P__std"", ""QMWT__std"", ""P__last"", ""NSGB__last"", ""TAVG__last""]",0.8349196471704543,0.005027055260319546,0.006190913617987862,0.8298925919101348,True,reference replacement in frozen model input space
SGATR_68,family_score,accepted,steam_generator_tube_rupture,5,0.9983132755516201,"[""P__std"", ""QMWT__std"", ""P__last"", ""NSGB__last"", ""TAVG__last""]",0.8349196471704543,0.0,0.0,0.8349196471704543,True,reference replacement in frozen model input space
SGATR_76,family_score,accepted,steam_generator_tube_rupture,5,0.9983132755516201,"[""P__std"", ""QMWT__std"", ""P__last"", ""NSGB__last"", ""TAVG__last""]",0.8349196471704543,0.002718584827041015,0.00543716965408203,0.8322010623434133,True,reference replacement in frozen model input space
SGATR_77,family_score,accepted,steam_generator_tube_rupture,5,0.9983132755516201,"[""P__std"", ""QMWT__std"", ""P__last"", ""NSGB__last"", ""TAVG__last""]",0.8349196471704543,0.00011866062869814176,0.00023732125739628354,0.8348009865417562,True,reference replacement in frozen model input space
SGATR_79,family_score,accepted,steam_generator_tube_rupture,5,0.9983132755516201,"[""P__std"", ""QMWT__std"", ""P__last"", ""NSGB__last"", ""TAVG__last""]",0.8349196471704543,0.0,0.0,0.8349196471704543,True,reference replacement in frozen model input space
SGATR_82,family_score,accepted,steam_generator_tube_rupture,5,0.9983132755516201,"[""P__std"", ""QMWT__std"", ""P__last"", ""NSGB__last"", ""TAVG__last""]",0.8349196471704543,0.0,0.0,0.8349196471704543,True,reference replacement in frozen model input space
SGATR_92,family_score,accepted,steam_generator_tube_rupture,5,0.997879457065178,"[""P__std"", ""QMWT__std"", ""NSGB__last"", ""P__last"", ""TAVG__last""]",0.848743168901287,0.0,0.0,0.848743168901287,True,reference replacement in frozen model input space
SGATR_97,family_score,requires_review,steam_generator_tube_rupture,5,0.9977585239349205,"[""P__std"", ""QMWT__std"", ""NSGB__last"", ""P__last"", ""TAVG__last""]",0.8521656518281442,0.009005970341209446,0.018011940682418893,0.8431596814869348,True,reference replacement in frozen model input space
SGBTR_100,family_score,accepted,steam_generator_tube_rupture,5,0.9978038877451297,"[""P__std"", ""QMWT__std"", ""NSGB__last"", ""P__last"", ""TAVG__last""]",0.8488803709223591,0.0,0.0,0.8488803709223591,True,reference replacement in frozen model input space
SGBTR_109,family_score,requires_review,steam_generator_tube_rupture,5,0.9973581523651501,"[""P__std"", ""QMWT__std"", ""NSGB__last"", ""P__last"", ""TAVG__last""]",0.8535749010369437,0.00011143387314351826,0.00022286774628703653,0.8534634671638002,True,reference replacement in frozen model input space
SGBTR_57,family_score,unknown,steam_generator_tube_rupture,5,0.9643596541136724,"[""QMWT__std"", ""P__last"", ""NSGB__last"", ""TAVG__last"", ""LSGA__last""]",0.1843970323058115,0.0,0.0,0.1843970323058115,True,reference replacement in frozen model input space
SGBTR_59,family_score,requires_review,steam_generator_tube_rupture,5,0.9968928529723637,"[""P__std"", ""QMWT__std"", ""P__last"", ""NSGB__last"", ""TAVG__last""]",0.8201146885495023,0.0001309862999884448,0.0002619725999768896,0.8199837022495139,True,reference replacement in frozen model input space
SGBTR_65,family_score,requires_review,steam_generator_tube_rupture,5,0.9973945148474107,"[""P__std"", ""QMWT__std"", ""P__last"", ""NSGB__last"", ""TAVG__last""]",0.8204914234383709,0.005991085453040901,0.012442219988735109,0.81450033798533,True,reference replacement in frozen model input space
SGBTR_75,family_score,accepted,steam_generator_tube_rupture,5,0.9983046252390119,"[""P__std"", ""QMWT__std"", ""P__last"", ""NSGB__last"", ""TAVG__last""]",0.8327269010009792,0.003315066244257192,0.006452638128004537,0.8294118347567221,True,reference replacement in frozen model input space
SGBTR_81,family_score,accepted,steam_generator_tube_rupture,5,0.9983046252390119,"[""P__std"", ""QMWT__std"", ""P__last"", ""NSGB__last"", ""TAVG__last""]",0.8327269010009792,7.159357393460297e-05,0.00014318714786920597,0.8326553074270446,True,reference replacement in frozen model input space
SGBTR_83,family_score,accepted,steam_generator_tube_rupture,5,0.9983046252390119,"[""P__std"", ""QMWT__std"", ""P__last"", ""NSGB__last"", ""TAVG__last""]",0.8327269010009792,0.000279900525351473,0.00034899012515553034,0.8324470004756278,True,reference replacement in frozen model input space
SGBTR_85,family_score,accepted,steam_generator_tube_rupture,5,0.9983046252390119,"[""P__std"", ""QMWT__std"", ""P__last"", ""NSGB__last"", ""TAVG__last""]",0.8327269010009792,0.0,0.0,0.8327269010009792,True,reference replacement in frozen model input space
SGBTR_91,family_score,accepted,steam_generator_tube_rupture,5,0.9983046252390119,"[""P__std"", ""QMWT__std"", ""P__last"", ""NSGB__last"", ""TAVG__last""]",0.8327269010009792,3.408696080398066e-06,6.817392160796132e-06,0.8327234923048988,True,reference replacement in frozen model input space
SGBTR_95,family_score,accepted,steam_generator_tube_rupture,5,0.9978038877451297,"[""P__std"", ""QMWT__std"", ""NSGB__last"", ""P__last"", ""TAVG__last""]",0.8488803709223591,0.00883217251547912,0.017664345030958244,0.84004819840688,True,reference replacement in frozen model input space
SLBIC_16,family_score,requires_review,steam_line_break,5,0.9974948725024891,"[""WFWA__last"", ""P__last"", ""P__std"", ""LSGA__last"", ""QMGB__slope""]",0.8315341953863953,0.0140769719403536,0.028153943880707202,0.8174572234460417,True,reference replacement in frozen model input space
SLBIC_18,family_score,requires_review,steam_line_break,5,0.9974948725024891,"[""WFWA__last"", ""P__last"", ""P__std"", ""LSGA__last"", ""QMGB__slope""]",0.8315341953863953,0.024640365622556448,0.030685249020665724,0.8068938297638388,True,reference replacement in frozen model input space
SLBIC_22,family_score,unknown,steam_line_break,5,0.9955993473988561,"[""WFWA__last"", ""P__last"", ""P__std"", ""LSGA__last"", ""LSGB__mean""]",0.8962108661539434,-0.0003809292427096267,0.0007618678707185537,0.896591795396653,True,reference replacement in frozen model input space
SLBIC_27,family_score,requires_review,steam_line_break,5,0.9969829774019615,"[""WFWA__last"", ""P__last"", ""LSGA__last"", ""P__std"", ""QMGB__slope""]",0.8563146594816597,-5.272745805773304e-06,1.0545491611546608e-05,0.8563199322274655,True,reference replacement in frozen model input space
SLBIC_31,family_score,requires_review,steam_line_break,5,0.9974948725024891,"[""WFWA__last"", ""P__last"", ""LSGA__last"", ""P__std"", ""QMGB__slope""]",0.8327454461893065,3.010353254448983e-05,0.00011493072523362517,0.832715342656762,True,reference replacement in frozen model input space
SLBIC_34,family_score,requires_review,steam_line_break,5,0.9974948725024891,"[""WFWA__last"", ""P__last"", ""LSGA__last"", ""P__std"", ""QMGB__slope""]",0.8327454461893065,0.018067287382984153,0.026535655355163862,0.8146781588063223,True,reference replacement in frozen model input space
SLBIC_35,family_score,requires_review,steam_line_break,5,0.9974948725024891,"[""WFWA__last"", ""P__last"", ""LSGA__last"", ""P__std"", ""QMGB__slope""]",0.8327454461893065,0.0019386688188192114,0.0038578587834116954,0.8308067773704872,True,reference replacement in frozen model input space
SLBIC_37,family_score,requires_review,steam_line_break,5,0.9974948725024891,"[""WFWA__last"", ""P__last"", ""LSGA__last"", ""P__std"", ""QMGB__slope""]",0.8327454461893065,0.0019350423203663425,0.003859670535517862,0.8308104038689401,True,reference replacement in frozen model input space
SLBIC_42,family_score,requires_review,steam_line_break,5,0.9975167742662565,"[""WFWA__last"", ""P__last"", ""LSGA__last"", ""P__std"", ""QMGB__slope""]",0.8327673479530739,0.010544631796098413,0.021089263592196827,0.8222227161569755,True,reference replacement in frozen model input space
SLBIC_44,family_score,requires_review,steam_line_break,5,0.9980940482291574,"[""WFWA__last"", ""P__last"", ""LSGA__last"", ""P__std"", ""TCA__last""]",0.8141420044766287,0.010920586756969452,0.02179085326679544,0.8032214177196592,True,reference replacement in frozen model input space
SLBIC_55,family_score,requires_review,steam_line_break,5,0.9980940482291574,"[""WFWA__last"", ""P__last"", ""LSGA__last"", ""P__std"", ""TCA__last""]",0.8141420044766287,0.01998206339640396,0.03987002703842668,0.7941599410802247,True,reference replacement in frozen model input space
SLBIC_57,family_score,requires_review,steam_line_break,5,0.9981403084749202,"[""WFWA__last"", ""P__last"", ""LSGA__last"", ""P__std"", ""TCA__last""]",0.8055945843081302,0.002062215894542008,0.004124431789084016,0.8035323684135882,True,reference replacement in frozen model input space
SLBIC_63,family_score,requires_review,steam_line_break,5,0.9981403084749202,"[""WFWA__last"", ""P__last"", ""LSGA__last"", ""P__std"", ""TCA__last""]",0.8055945843081302,0.0014379047256253053,0.0028758094512506102,0.8041566795825049,True,reference replacement in frozen model input space
SLBIC_66,family_score,requires_review,steam_line_break,5,0.9981403084749202,"[""WFWA__last"", ""P__last"", ""LSGA__last"", ""P__std"", ""TCA__last""]",0.8055945843081302,0.010652300386807778,0.021300059478029095,0.7949422839213225,True,reference replacement in frozen model input space
SLBIC_67,family_score,requires_review,steam_line_break,5,0.9981403084749202,"[""WFWA__last"", ""P__last"", ""LSGA__last"", ""P__std"", ""TCA__last""]",0.8055945843081302,0.0038889664538583448,0.0077779329077166896,0.8017056178542719,True,reference replacement in frozen model input space
SLBIC_68,family_score,requires_review,steam_line_break,5,0.9981403084749202,"[""WFWA__last"", ""P__last"", ""LSGA__last"", ""P__std"", ""TCA__last""]",0.8055945843081302,0.0041291640636044406,0.008209280995237545,0.8014654202445258,True,reference replacement in frozen model input space
SLBIC_74,family_score,requires_review,steam_line_break,5,0.9981403084749202,"[""WFWA__last"", ""P__last"", ""LSGA__last"", ""P__std"", ""TCA__last""]",0.8055945843081302,1.9654144014369378e-05,3.9308288028738755e-05,0.8055749301641159,True,reference replacement in frozen model input space
SLBIC_90,family_score,requires_review,steam_line_break,5,0.9980911609015064,"[""WFWA__last"", ""P__last"", ""LSGA__last"", ""P__std"", ""TCA__last""]",0.8055454367347163,0.0014774163952030682,0.0029501736203405592,0.8040680203395133,True,reference replacement in frozen model input space
