sample_id,severity,method,threshold,detection_time_s,first_protection_time_s,lead_time_s,detected,detected_before_protection
LOCA_001,1,robust_z_score,6.979691751212108,2080.0,2031.5,-48.5,True,False
LOCA_001,1,mahalanobis,151.41497834288162,2060.0,2031.5,-28.5,True,False
LOCA_001,1,pca_reconstruction_error,15.118719715541957,2060.0,2031.5,-28.5,True,False
LOCA_002,2,robust_z_score,6.979691751212108,1130.0,1094.5,-35.5,True,False
LOCA_002,2,mahalanobis,151.41497834288162,1120.0,1094.5,-25.5,True,False
LOCA_002,2,pca_reconstruction_error,15.118719715541957,1120.0,1094.5,-25.5,True,False
LOCA_003,3,robust_z_score,6.979691751212108,830.0,790.5,-39.5,True,False
LOCA_003,3,mahalanobis,151.41497834288162,770.0,790.5,20.5,True,True
LOCA_003,3,pca_reconstruction_error,15.118719715541957,820.0,790.5,-29.5,True,False
LOCA_004,4,robust_z_score,6.979691751212108,600.0,569.0,-31.0,True,False
LOCA_004,4,mahalanobis,151.41497834288162,550.0,569.0,19.0,True,True
LOCA_004,4,pca_reconstruction_error,15.118719715541957,590.0,569.0,-21.0,True,False
LOCA_005,5,robust_z_score,6.979691751212108,450.0,417.5,-32.5,True,False
LOCA_005,5,mahalanobis,151.41497834288162,440.0,417.5,-22.5,True,False
LOCA_005,5,pca_reconstruction_error,15.118719715541957,440.0,417.5,-22.5,True,False
LOCA_006,6,robust_z_score,6.979691751212108,370.0,340.0,-30.0,True,False
LOCA_006,6,mahalanobis,151.41497834288162,370.0,340.0,-30.0,True,False
LOCA_006,6,pca_reconstruction_error,15.118719715541957,370.0,340.0,-30.0,True,False
LOCA_007,7,robust_z_score,6.979691751212108,330.0,293.5,-36.5,True,False
LOCA_007,7,mahalanobis,151.41497834288162,320.0,293.5,-26.5,True,False
LOCA_007,7,pca_reconstruction_error,15.118719715541957,320.0,293.5,-26.5,True,False
LOCA_008,8,robust_z_score,6.979691751212108,300.0,262.5,-37.5,True,False
LOCA_008,8,mahalanobis,151.41497834288162,290.0,262.5,-27.5,True,False
LOCA_008,8,pca_reconstruction_error,15.118719715541957,290.0,262.5,-27.5,True,False
LOCA_009,9,robust_z_score,6.979691751212108,270.0,240.5,-29.5,True,False
LOCA_009,9,mahalanobis,151.41497834288162,270.0,240.5,-29.5,True,False
LOCA_009,9,pca_reconstruction_error,15.118719715541957,270.0,240.5,-29.5,True,False
LOCA_010,10,robust_z_score,6.979691751212108,260.0,224.0,-36.0,True,False
LOCA_010,10,mahalanobis,151.41497834288162,250.0,224.0,-26.0,True,False
LOCA_010,10,pca_reconstruction_error,15.118719715541957,250.0,224.0,-26.0,True,False
LOCA_011,11,robust_z_score,6.979691751212108,250.0,211.0,-39.0,True,False
LOCA_011,11,mahalanobis,151.41497834288162,240.0,211.0,-29.0,True,False
LOCA_011,11,pca_reconstruction_error,15.118719715541957,240.0,211.0,-29.0,True,False
LOCA_012,12,robust_z_score,6.979691751212108,240.0,200.5,-39.5,True,False
LOCA_012,12,mahalanobis,151.41497834288162,230.0,200.5,-29.5,True,False
LOCA_012,12,pca_reconstruction_error,15.118719715541957,230.0,200.5,-29.5,True,False
LOCA_013,13,robust_z_score,6.979691751212108,230.0,192.0,-38.0,True,False
LOCA_013,13,mahalanobis,151.41497834288162,220.0,192.0,-28.0,True,False
LOCA_013,13,pca_reconstruction_error,15.118719715541957,220.0,192.0,-28.0,True,False
LOCA_014,14,robust_z_score,6.979691751212108,220.0,185.0,-35.0,True,False
LOCA_014,14,mahalanobis,151.41497834288162,210.0,185.0,-25.0,True,False
LOCA_014,14,pca_reconstruction_error,15.118719715541957,210.0,185.0,-25.0,True,False
LOCA_015,15,robust_z_score,6.979691751212108,210.0,179.0,-31.0,True,False
LOCA_015,15,mahalanobis,151.41497834288162,200.0,179.0,-21.0,True,False
LOCA_015,15,pca_reconstruction_error,15.118719715541957,200.0,179.0,-21.0,True,False
LOCA_016,16,robust_z_score,6.979691751212108,210.0,174.0,-36.0,True,False
LOCA_016,16,mahalanobis,151.41497834288162,200.0,174.0,-26.0,True,False
LOCA_016,16,pca_reconstruction_error,15.118719715541957,200.0,174.0,-26.0,True,False
LOCA_017,17,robust_z_score,6.979691751212108,200.0,169.5,-30.5,True,False
LOCA_017,17,mahalanobis,151.41497834288162,190.0,169.5,-20.5,True,False
LOCA_017,17,pca_reconstruction_error,15.118719715541957,190.0,169.5,-20.5,True,False
LOCA_018,18,robust_z_score,6.979691751212108,200.0,166.0,-34.0,True,False
LOCA_018,18,mahalanobis,151.41497834288162,190.0,166.0,-24.0,True,False
LOCA_018,18,pca_reconstruction_error,15.118719715541957,190.0,166.0,-24.0,True,False
LOCA_019,19,robust_z_score,6.979691751212108,200.0,162.5,-37.5,True,False
LOCA_019,19,mahalanobis,151.41497834288162,190.0,162.5,-27.5,True,False
LOCA_019,19,pca_reconstruction_error,15.118719715541957,190.0,162.5,-27.5,True,False
LOCA_020,20,robust_z_score,6.979691751212108,190.0,159.5,-30.5,True,False
LOCA_020,20,mahalanobis,151.41497834288162,180.0,159.5,-20.5,True,False
LOCA_020,20,pca_reconstruction_error,15.118719715541957,180.0,159.5,-20.5,True,False
LOCA_021,21,robust_z_score,6.979691751212108,190.0,156.5,-33.5,True,False
LOCA_021,21,mahalanobis,151.41497834288162,180.0,156.5,-23.5,True,False
LOCA_021,21,pca_reconstruction_error,15.118719715541957,180.0,156.5,-23.5,True,False
LOCA_022,22,robust_z_score,6.979691751212108,190.0,154.5,-35.5,True,False
LOCA_022,22,mahalanobis,151.41497834288162,180.0,154.5,-25.5,True,False
LOCA_022,22,pca_reconstruction_error,15.118719715541957,180.0,154.5,-25.5,True,False
LOCA_023,23,robust_z_score,6.979691751212108,190.0,152.0,-38.0,True,False
LOCA_023,23,mahalanobis,151.41497834288162,180.0,152.0,-28.0,True,False
LOCA_023,23,pca_reconstruction_error,15.118719715541957,180.0,152.0,-28.0,True,False
LOCA_024,24,robust_z_score,6.979691751212108,180.0,150.0,-30.0,True,False
LOCA_024,24,mahalanobis,151.41497834288162,180.0,150.0,-30.0,True,False
LOCA_024,24,pca_reconstruction_error,15.118719715541957,180.0,150.0,-30.0,True,False
LOCA_025,25,robust_z_score,6.979691751212108,180.0,148.0,-32.0,True,False
LOCA_025,25,mahalanobis,151.41497834288162,170.0,148.0,-22.0,True,False
LOCA_025,25,pca_reconstruction_error,15.118719715541957,170.0,148.0,-22.0,True,False
LOCA_026,26,robust_z_score,6.979691751212108,180.0,146.5,-33.5,True,False
LOCA_026,26,mahalanobis,151.41497834288162,170.0,146.5,-23.5,True,False
LOCA_026,26,pca_reconstruction_error,15.118719715541957,170.0,146.5,-23.5,True,False
LOCA_027,27,robust_z_score,6.979691751212108,180.0,145.0,-35.0,True,False
LOCA_027,27,mahalanobis,151.41497834288162,170.0,145.0,-25.0,True,False
LOCA_027,27,pca_reconstruction_error,15.118719715541957,170.0,145.0,-25.0,True,False
LOCA_028,28,robust_z_score,6.979691751212108,180.0,143.5,-36.5,True,False
LOCA_028,28,mahalanobis,151.41497834288162,170.0,143.5,-26.5,True,False
LOCA_028,28,pca_reconstruction_error,15.118719715541957,170.0,143.5,-26.5,True,False
LOCA_029,29,robust_z_score,6.979691751212108,180.0,142.0,-38.0,True,False
LOCA_029,29,mahalanobis,151.41497834288162,170.0,142.0,-28.0,True,False
LOCA_029,29,pca_reconstruction_error,15.118719715541957,170.0,142.0,-28.0,True,False
LOCA_030,30,robust_z_score,6.979691751212108,180.0,141.0,-39.0,True,False
LOCA_030,30,mahalanobis,151.41497834288162,170.0,141.0,-29.0,True,False
LOCA_030,30,pca_reconstruction_error,15.118719715541957,170.0,141.0,-29.0,True,False
LOCA_031,31,robust_z_score,6.979691751212108,170.0,140.0,-30.0,True,False
LOCA_031,31,mahalanobis,151.41497834288162,170.0,140.0,-30.0,True,False
LOCA_031,31,pca_reconstruction_error,15.118719715541957,170.0,140.0,-30.0,True,False
LOCA_032,32,robust_z_score,6.979691751212108,170.0,139.0,-31.0,True,False
LOCA_032,32,mahalanobis,151.41497834288162,160.0,139.0,-21.0,True,False
LOCA_032,32,pca_reconstruction_error,15.118719715541957,160.0,139.0,-21.0,True,False
LOCA_033,33,robust_z_score,6.979691751212108,170.0,138.0,-32.0,True,False
LOCA_033,33,mahalanobis,151.41497834288162,160.0,138.0,-22.0,True,False
LOCA_033,33,pca_reconstruction_error,15.118719715541957,160.0,138.0,-22.0,True,False
LOCA_034,34,robust_z_score,6.979691751212108,170.0,137.0,-33.0,True,False
LOCA_034,34,mahalanobis,151.41497834288162,160.0,137.0,-23.0,True,False
LOCA_034,34,pca_reconstruction_error,15.118719715541957,160.0,137.0,-23.0,True,False
LOCA_035,35,robust_z_score,6.979691751212108,170.0,136.0,-34.0,True,False
LOCA_035,35,mahalanobis,151.41497834288162,160.0,136.0,-24.0,True,False
LOCA_035,35,pca_reconstruction_error,15.118719715541957,160.0,136.0,-24.0,True,False
LOCA_036,36,robust_z_score,6.979691751212108,170.0,135.0,-35.0,True,False
LOCA_036,36,mahalanobis,151.41497834288162,160.0,135.0,-25.0,True,False
LOCA_036,36,pca_reconstruction_error,15.118719715541957,160.0,135.0,-25.0,True,False
LOCA_037,37,robust_z_score,6.979691751212108,170.0,134.5,-35.5,True,False
LOCA_037,37,mahalanobis,151.41497834288162,160.0,134.5,-25.5,True,False
LOCA_037,37,pca_reconstruction_error,15.118719715541957,160.0,134.5,-25.5,True,False
LOCA_038,38,robust_z_score,6.979691751212108,170.0,133.5,-36.5,True,False
LOCA_038,38,mahalanobis,151.41497834288162,160.0,133.5,-26.5,True,False
LOCA_038,38,pca_reconstruction_error,15.118719715541957,160.0,133.5,-26.5,True,False
LOCA_039,39,robust_z_score,6.979691751212108,170.0,133.0,-37.0,True,False
LOCA_039,39,mahalanobis,151.41497834288162,160.0,133.0,-27.0,True,False
LOCA_039,39,pca_reconstruction_error,15.118719715541957,160.0,133.0,-27.0,True,False
LOCA_040,40,robust_z_score,6.979691751212108,170.0,132.5,-37.5,True,False
LOCA_040,40,mahalanobis,151.41497834288162,160.0,132.5,-27.5,True,False
LOCA_040,40,pca_reconstruction_error,15.118719715541957,160.0,132.5,-27.5,True,False
LOCA_041,41,robust_z_score,6.979691751212108,170.0,131.5,-38.5,True,False
LOCA_041,41,mahalanobis,151.41497834288162,160.0,131.5,-28.5,True,False
LOCA_041,41,pca_reconstruction_error,15.118719715541957,160.0,131.5,-28.5,True,False
LOCA_042,42,robust_z_score,6.979691751212108,170.0,131.0,-39.0,True,False
LOCA_042,42,mahalanobis,151.41497834288162,160.0,131.0,-29.0,True,False
LOCA_042,42,pca_reconstruction_error,15.118719715541957,160.0,131.0,-29.0,True,False
LOCA_043,43,robust_z_score,6.979691751212108,160.0,45.0,-115.0,True,False
LOCA_043,43,mahalanobis,151.41497834288162,160.0,45.0,-115.0,True,False
LOCA_043,43,pca_reconstruction_error,15.118719715541957,160.0,45.0,-115.0,True,False
LOCA_044,44,robust_z_score,6.979691751212108,160.0,130.0,-30.0,True,False
LOCA_044,44,mahalanobis,151.41497834288162,160.0,130.0,-30.0,True,False
LOCA_044,44,pca_reconstruction_error,15.118719715541957,160.0,130.0,-30.0,True,False
LOCA_045,45,robust_z_score,6.979691751212108,160.0,129.5,-30.5,True,False
LOCA_045,45,mahalanobis,151.41497834288162,150.0,129.5,-20.5,True,False
LOCA_045,45,pca_reconstruction_error,15.118719715541957,150.0,129.5,-20.5,True,False
LOCA_046,46,robust_z_score,6.979691751212108,160.0,129.0,-31.0,True,False
LOCA_046,46,mahalanobis,151.41497834288162,150.0,129.0,-21.0,True,False
LOCA_046,46,pca_reconstruction_error,15.118719715541957,150.0,129.0,-21.0,True,False
LOCA_047,47,robust_z_score,6.979691751212108,160.0,128.5,-31.5,True,False
LOCA_047,47,mahalanobis,151.41497834288162,150.0,128.5,-21.5,True,False
LOCA_047,47,pca_reconstruction_error,15.118719715541957,150.0,128.5,-21.5,True,False
LOCA_048,48,robust_z_score,6.979691751212108,160.0,128.0,-32.0,True,False
LOCA_048,48,mahalanobis,151.41497834288162,150.0,128.0,-22.0,True,False
LOCA_048,48,pca_reconstruction_error,15.118719715541957,150.0,128.0,-22.0,True,False
LOCA_049,49,robust_z_score,6.979691751212108,160.0,127.5,-32.5,True,False
LOCA_049,49,mahalanobis,151.41497834288162,150.0,127.5,-22.5,True,False
LOCA_049,49,pca_reconstruction_error,15.118719715541957,150.0,127.5,-22.5,True,False
LOCA_050,50,robust_z_score,6.979691751212108,160.0,127.5,-32.5,True,False
LOCA_050,50,mahalanobis,151.41497834288162,150.0,127.5,-22.5,True,False
LOCA_050,50,pca_reconstruction_error,15.118719715541957,150.0,127.5,-22.5,True,False
LOCA_051,51,robust_z_score,6.979691751212108,160.0,127.0,-33.0,True,False
LOCA_051,51,mahalanobis,151.41497834288162,150.0,127.0,-23.0,True,False
LOCA_051,51,pca_reconstruction_error,15.118719715541957,150.0,127.0,-23.0,True,False
LOCA_052,52,robust_z_score,6.979691751212108,160.0,126.5,-33.5,True,False
LOCA_052,52,mahalanobis,151.41497834288162,150.0,126.5,-23.5,True,False
LOCA_052,52,pca_reconstruction_error,15.118719715541957,150.0,126.5,-23.5,True,False
LOCA_053,53,robust_z_score,6.979691751212108,150.0,126.0,-24.0,True,False
LOCA_053,53,mahalanobis,151.41497834288162,150.0,126.0,-24.0,True,False
LOCA_053,53,pca_reconstruction_error,15.118719715541957,150.0,126.0,-24.0,True,False
LOCA_054,54,robust_z_score,6.979691751212108,150.0,126.0,-24.0,True,False
LOCA_054,54,mahalanobis,151.41497834288162,150.0,126.0,-24.0,True,False
LOCA_054,54,pca_reconstruction_error,15.118719715541957,150.0,126.0,-24.0,True,False
LOCA_055,55,robust_z_score,6.979691751212108,150.0,125.5,-24.5,True,False
LOCA_055,55,mahalanobis,151.41497834288162,150.0,125.5,-24.5,True,False
LOCA_055,55,pca_reconstruction_error,15.118719715541957,150.0,125.5,-24.5,True,False
LOCA_056,56,robust_z_score,6.979691751212108,150.0,125.0,-25.0,True,False
LOCA_056,56,mahalanobis,151.41497834288162,150.0,125.0,-25.0,True,False
LOCA_056,56,pca_reconstruction_error,15.118719715541957,150.0,125.0,-25.0,True,False
LOCA_057,57,robust_z_score,6.979691751212108,150.0,125.0,-25.0,True,False
LOCA_057,57,mahalanobis,151.41497834288162,150.0,125.0,-25.0,True,False
LOCA_057,57,pca_reconstruction_error,15.118719715541957,150.0,125.0,-25.0,True,False
LOCA_058,58,robust_z_score,6.979691751212108,150.0,124.5,-25.5,True,False
LOCA_058,58,mahalanobis,151.41497834288162,150.0,124.5,-25.5,True,False
LOCA_058,58,pca_reconstruction_error,15.118719715541957,150.0,124.5,-25.5,True,False
LOCA_059,59,robust_z_score,6.979691751212108,150.0,124.0,-26.0,True,False
LOCA_059,59,mahalanobis,151.41497834288162,150.0,124.0,-26.0,True,False
LOCA_059,59,pca_reconstruction_error,15.118719715541957,150.0,124.0,-26.0,True,False
LOCA_060,60,robust_z_score,6.979691751212108,150.0,124.0,-26.0,True,False
LOCA_060,60,mahalanobis,151.41497834288162,150.0,124.0,-26.0,True,False
LOCA_060,60,pca_reconstruction_error,15.118719715541957,150.0,124.0,-26.0,True,False
LOCA_061,61,robust_z_score,6.979691751212108,150.0,123.5,-26.5,True,False
LOCA_061,61,mahalanobis,151.41497834288162,150.0,123.5,-26.5,True,False
LOCA_061,61,pca_reconstruction_error,15.118719715541957,150.0,123.5,-26.5,True,False
LOCA_062,62,robust_z_score,6.979691751212108,150.0,123.5,-26.5,True,False
LOCA_062,62,mahalanobis,151.41497834288162,150.0,123.5,-26.5,True,False
LOCA_062,62,pca_reconstruction_error,15.118719715541957,150.0,123.5,-26.5,True,False
LOCA_063,63,robust_z_score,6.979691751212108,150.0,123.0,-27.0,True,False
LOCA_063,63,mahalanobis,151.41497834288162,150.0,123.0,-27.0,True,False
LOCA_063,63,pca_reconstruction_error,15.118719715541957,150.0,123.0,-27.0,True,False
LOCA_064,64,robust_z_score,6.979691751212108,150.0,123.0,-27.0,True,False
LOCA_064,64,mahalanobis,151.41497834288162,150.0,123.0,-27.0,True,False
LOCA_064,64,pca_reconstruction_error,15.118719715541957,150.0,123.0,-27.0,True,False
LOCA_065,65,robust_z_score,6.979691751212108,150.0,122.5,-27.5,True,False
LOCA_065,65,mahalanobis,151.41497834288162,150.0,122.5,-27.5,True,False
LOCA_065,65,pca_reconstruction_error,15.118719715541957,150.0,122.5,-27.5,True,False
LOCA_066,66,robust_z_score,6.979691751212108,150.0,122.5,-27.5,True,False
LOCA_066,66,mahalanobis,151.41497834288162,150.0,122.5,-27.5,True,False
LOCA_066,66,pca_reconstruction_error,15.118719715541957,150.0,122.5,-27.5,True,False
LOCA_067,67,robust_z_score,6.979691751212108,150.0,122.0,-28.0,True,False
LOCA_067,67,mahalanobis,151.41497834288162,150.0,122.0,-28.0,True,False
LOCA_067,67,pca_reconstruction_error,15.118719715541957,150.0,122.0,-28.0,True,False
LOCA_068,68,robust_z_score,6.979691751212108,150.0,122.0,-28.0,True,False
LOCA_068,68,mahalanobis,151.41497834288162,150.0,122.0,-28.0,True,False
LOCA_068,68,pca_reconstruction_error,15.118719715541957,150.0,122.0,-28.0,True,False
LOCA_069,69,robust_z_score,6.979691751212108,150.0,122.0,-28.0,True,False
LOCA_069,69,mahalanobis,151.41497834288162,150.0,122.0,-28.0,True,False
LOCA_069,69,pca_reconstruction_error,15.118719715541957,150.0,122.0,-28.0,True,False
LOCA_070,70,robust_z_score,6.979691751212108,150.0,121.5,-28.5,True,False
LOCA_070,70,mahalanobis,151.41497834288162,150.0,121.5,-28.5,True,False
LOCA_070,70,pca_reconstruction_error,15.118719715541957,150.0,121.5,-28.5,True,False
LOCA_071,71,robust_z_score,6.979691751212108,150.0,121.5,-28.5,True,False
LOCA_071,71,mahalanobis,151.41497834288162,150.0,121.5,-28.5,True,False
LOCA_071,71,pca_reconstruction_error,15.118719715541957,150.0,121.5,-28.5,True,False
LOCA_072,72,robust_z_score,6.979691751212108,150.0,121.0,-29.0,True,False
LOCA_072,72,mahalanobis,151.41497834288162,150.0,121.0,-29.0,True,False
LOCA_072,72,pca_reconstruction_error,15.118719715541957,150.0,121.0,-29.0,True,False
LOCA_073,73,robust_z_score,6.979691751212108,150.0,121.0,-29.0,True,False
LOCA_073,73,mahalanobis,151.41497834288162,150.0,121.0,-29.0,True,False
LOCA_073,73,pca_reconstruction_error,15.118719715541957,150.0,121.0,-29.0,True,False
LOCA_074,74,robust_z_score,6.979691751212108,150.0,121.0,-29.0,True,False
LOCA_074,74,mahalanobis,151.41497834288162,150.0,121.0,-29.0,True,False
LOCA_074,74,pca_reconstruction_error,15.118719715541957,150.0,121.0,-29.0,True,False
LOCA_075,75,robust_z_score,6.979691751212108,150.0,120.5,-29.5,True,False
LOCA_075,75,mahalanobis,151.41497834288162,150.0,120.5,-29.5,True,False
LOCA_075,75,pca_reconstruction_error,15.118719715541957,150.0,120.5,-29.5,True,False
LOCA_076,76,robust_z_score,6.979691751212108,150.0,120.5,-29.5,True,False
LOCA_076,76,mahalanobis,151.41497834288162,150.0,120.5,-29.5,True,False
LOCA_076,76,pca_reconstruction_error,15.118719715541957,150.0,120.5,-29.5,True,False
LOCA_077,77,robust_z_score,6.979691751212108,150.0,120.5,-29.5,True,False
LOCA_077,77,mahalanobis,151.41497834288162,150.0,120.5,-29.5,True,False
LOCA_077,77,pca_reconstruction_error,15.118719715541957,150.0,120.5,-29.5,True,False
LOCA_078,78,robust_z_score,6.979691751212108,150.0,120.0,-30.0,True,False
LOCA_078,78,mahalanobis,151.41497834288162,150.0,120.0,-30.0,True,False
LOCA_078,78,pca_reconstruction_error,15.118719715541957,150.0,120.0,-30.0,True,False
LOCA_079,79,robust_z_score,6.979691751212108,150.0,120.0,-30.0,True,False
LOCA_079,79,mahalanobis,151.41497834288162,150.0,120.0,-30.0,True,False
LOCA_079,79,pca_reconstruction_error,15.118719715541957,150.0,120.0,-30.0,True,False
LOCA_080,80,robust_z_score,6.979691751212108,150.0,120.0,-30.0,True,False
LOCA_080,80,mahalanobis,151.41497834288162,150.0,120.0,-30.0,True,False
LOCA_080,80,pca_reconstruction_error,15.118719715541957,150.0,120.0,-30.0,True,False
LOCA_081,81,robust_z_score,6.979691751212108,150.0,119.5,-30.5,True,False
LOCA_081,81,mahalanobis,151.41497834288162,140.0,119.5,-20.5,True,False
LOCA_081,81,pca_reconstruction_error,15.118719715541957,140.0,119.5,-20.5,True,False
LOCA_082,82,robust_z_score,6.979691751212108,150.0,119.5,-30.5,True,False
LOCA_082,82,mahalanobis,151.41497834288162,140.0,119.5,-20.5,True,False
LOCA_082,82,pca_reconstruction_error,15.118719715541957,140.0,119.5,-20.5,True,False
LOCA_083,83,robust_z_score,6.979691751212108,150.0,119.5,-30.5,True,False
LOCA_083,83,mahalanobis,151.41497834288162,140.0,119.5,-20.5,True,False
LOCA_083,83,pca_reconstruction_error,15.118719715541957,140.0,119.5,-20.5,True,False
LOCA_084,84,robust_z_score,6.979691751212108,150.0,119.5,-30.5,True,False
LOCA_084,84,mahalanobis,151.41497834288162,140.0,119.5,-20.5,True,False
LOCA_084,84,pca_reconstruction_error,15.118719715541957,140.0,119.5,-20.5,True,False
LOCA_085,85,robust_z_score,6.979691751212108,150.0,119.0,-31.0,True,False
LOCA_085,85,mahalanobis,151.41497834288162,140.0,119.0,-21.0,True,False
LOCA_085,85,pca_reconstruction_error,15.118719715541957,140.0,119.0,-21.0,True,False
LOCA_086,86,robust_z_score,6.979691751212108,150.0,119.0,-31.0,True,False
LOCA_086,86,mahalanobis,151.41497834288162,140.0,119.0,-21.0,True,False
LOCA_086,86,pca_reconstruction_error,15.118719715541957,140.0,119.0,-21.0,True,False
LOCA_087,87,robust_z_score,6.979691751212108,150.0,119.0,-31.0,True,False
LOCA_087,87,mahalanobis,151.41497834288162,140.0,119.0,-21.0,True,False
LOCA_087,87,pca_reconstruction_error,15.118719715541957,140.0,119.0,-21.0,True,False
LOCA_088,88,robust_z_score,6.979691751212108,150.0,119.0,-31.0,True,False
LOCA_088,88,mahalanobis,151.41497834288162,140.0,119.0,-21.0,True,False
LOCA_088,88,pca_reconstruction_error,15.118719715541957,140.0,119.0,-21.0,True,False
LOCA_089,89,robust_z_score,6.979691751212108,150.0,118.5,-31.5,True,False
LOCA_089,89,mahalanobis,151.41497834288162,140.0,118.5,-21.5,True,False
LOCA_089,89,pca_reconstruction_error,15.118719715541957,140.0,118.5,-21.5,True,False
LOCA_090,90,robust_z_score,6.979691751212108,150.0,118.5,-31.5,True,False
LOCA_090,90,mahalanobis,151.41497834288162,140.0,118.5,-21.5,True,False
LOCA_090,90,pca_reconstruction_error,15.118719715541957,140.0,118.5,-21.5,True,False
LOCA_091,91,robust_z_score,6.979691751212108,150.0,118.5,-31.5,True,False
LOCA_091,91,mahalanobis,151.41497834288162,140.0,118.5,-21.5,True,False
LOCA_091,91,pca_reconstruction_error,15.118719715541957,140.0,118.5,-21.5,True,False
LOCA_092,92,robust_z_score,6.979691751212108,150.0,118.5,-31.5,True,False
LOCA_092,92,mahalanobis,151.41497834288162,140.0,118.5,-21.5,True,False
LOCA_092,92,pca_reconstruction_error,15.118719715541957,140.0,118.5,-21.5,True,False
LOCA_093,93,robust_z_score,6.979691751212108,150.0,118.0,-32.0,True,False
LOCA_093,93,mahalanobis,151.41497834288162,140.0,118.0,-22.0,True,False
LOCA_093,93,pca_reconstruction_error,15.118719715541957,140.0,118.0,-22.0,True,False
LOCA_094,94,robust_z_score,6.979691751212108,150.0,118.0,-32.0,True,False
LOCA_094,94,mahalanobis,151.41497834288162,140.0,118.0,-22.0,True,False
LOCA_094,94,pca_reconstruction_error,15.118719715541957,140.0,118.0,-22.0,True,False
LOCA_095,95,robust_z_score,6.979691751212108,150.0,118.0,-32.0,True,False
LOCA_095,95,mahalanobis,151.41497834288162,140.0,118.0,-22.0,True,False
LOCA_095,95,pca_reconstruction_error,15.118719715541957,140.0,118.0,-22.0,True,False
LOCA_096,96,robust_z_score,6.979691751212108,150.0,118.0,-32.0,True,False
LOCA_096,96,mahalanobis,151.41497834288162,140.0,118.0,-22.0,True,False
LOCA_096,96,pca_reconstruction_error,15.118719715541957,140.0,118.0,-22.0,True,False
LOCA_097,97,robust_z_score,6.979691751212108,150.0,118.0,-32.0,True,False
LOCA_097,97,mahalanobis,151.41497834288162,140.0,118.0,-22.0,True,False
LOCA_097,97,pca_reconstruction_error,15.118719715541957,140.0,118.0,-22.0,True,False
LOCA_098,98,robust_z_score,6.979691751212108,150.0,117.5,-32.5,True,False
LOCA_098,98,mahalanobis,151.41497834288162,140.0,117.5,-22.5,True,False
LOCA_098,98,pca_reconstruction_error,15.118719715541957,140.0,117.5,-22.5,True,False
LOCA_099,99,robust_z_score,6.979691751212108,150.0,117.5,-32.5,True,False
LOCA_099,99,mahalanobis,151.41497834288162,140.0,117.5,-22.5,True,False
LOCA_099,99,pca_reconstruction_error,15.118719715541957,140.0,117.5,-22.5,True,False
LOCA_100,100,robust_z_score,6.979691751212108,150.0,117.5,-32.5,True,False
LOCA_100,100,mahalanobis,151.41497834288162,140.0,117.5,-22.5,True,False
LOCA_100,100,pca_reconstruction_error,15.118719715541957,140.0,117.5,-22.5,True,False
