sample_id,severity,severity_unit,source_file,rows,time_end_s,P_first_deviation_s,P_peak_score_early,TAVG_first_deviation_s,TAVG_peak_score_early,LVPZ_first_deviation_s,LVPZ_peak_score_early,WECS_first_deviation_s,WECS_peak_score_early,PWR_first_deviation_s,PWR_peak_score_early,SCMA_first_deviation_s,SCMA_peak_score_early,TRB_first_deviation_s,TRB_peak_score_early,PRB_first_deviation_s,PRB_peak_score_early,LWRB_first_deviation_s,LWRB_peak_score_early,PRBA_first_deviation_s,PRBA_peak_score_early,DNBR_first_deviation_s,DNBR_peak_score_early,indirect_composite_first_deviation_s,indirect_features,hpi_pump_start_s,scram_s,whpi_first_positive_s,lead_time_to_hpi_s,lead_time_to_scram_s
LOCA_001,1,% of 100 cm2 break area,1.csv,475,4740.0,60.0,5.134472576104596,100.0,3.5927051157513143,30.0,31.941432337607107,20.0,8.864735517277358,30.0,11.269191359213272,30.0,30.967634501516812,40.0,42.185272216796875,50.0,25.251443395015873,60.0,15.094251340284998,100.0,6.526826047670737,30.0,25.322303475135627,40.0,"P,TAVG,LVPZ,WECS,PWR,SCMA,TRB,PRB,LWRB,PRBA,DNBR",2031.5,2032.5,2040.0,1991.5,1992.5
LOCA_002,2,% of 100 cm2 break area,2.csv,471,4700.0,120.0,26.48486259225636,100.0,5.130328178120243,50.0,54.6850327522524,20.0,12.073346392111366,30.0,11.295555135394103,30.0,32.50075785424384,30.0,42.091064453125,40.0,25.170118221254505,40.0,542.2211910618063,60.0,6.51245012633323,30.0,814.8426648560286,40.0,"P,TAVG,LVPZ,WECS,PWR,SCMA,TRB,PRB,LWRB,PRBA,DNBR",1094.5,1095.5,1100.0,1054.5,1055.5
LOCA_003,3,% of 100 cm2 break area,3.csv,458,4570.0,70.0,29.146154758793703,100.0,5.469923858017787,30.0,55.35882519137475,20.0,12.073346392111366,30.0,11.299452124804928,30.0,33.405925942451574,30.0,41.80342102050781,30.0,24.921923106321884,40.0,724.3645324924311,50.0,6.4687504806763565,30.0,876.1252060692915,30.0,"P,TAVG,LVPZ,WECS,PWR,SCMA,TRB,PRB,LWRB,PRBA,DNBR",790.5,791.5,800.0,760.5,761.5
LOCA_004,4,% of 100 cm2 break area,4.csv,452,4510.0,40.0,30.185401314731312,70.0,6.5306611837200235,30.0,60.18585697297127,20.0,12.073346392111366,30.0,10.563475469101778,30.0,29.371296725017043,30.0,40.27978515625,30.0,23.602804346550382,40.0,792.3400576317347,40.0,6.232201827155254,30.0,918.7283357218133,30.0,"P,TAVG,LVPZ,WECS,PWR,SCMA,TRB,PRB,LWRB,PRBA,DNBR",577.0,569.0,580.0,547.0,539.0
LOCA_005,5,% of 100 cm2 break area,5.csv,449,4480.0,30.0,30.38719776287438,60.0,7.451206850221053,30.0,64.04053472703504,20.0,12.073346392111366,30.0,10.569157138657816,30.0,30.3185771313058,30.0,41.85945129394531,30.0,24.969791283449357,30.0,826.5132502623351,40.0,6.476730530289414,30.0,946.2160792694862,30.0,"P,TAVG,LVPZ,WECS,PWR,SCMA,TRB,PRB,LWRB,PRBA,DNBR",427.0,417.5,430.0,397.0,387.5
LOCA_006,6,% of 100 cm2 break area,6.csv,450,4490.0,30.0,34.413583260575656,50.0,7.576064278264263,30.0,74.0780245873236,20.0,17.535518849738462,30.0,9.226542680130503,30.0,26.361055924279086,30.0,39.816009521484375,30.0,23.201562494775946,30.0,870.0329285879692,40.0,6.160519421034885,30.0,947.2173099134995,30.0,"P,TAVG,LVPZ,WECS,PWR,SCMA,TRB,PRB,LWRB,PRBA,DNBR",350.5,340.0,360.0,320.5,310.0
LOCA_007,7,% of 100 cm2 break area,7.csv,443,4420.0,30.0,40.38082989187966,50.0,8.118909831573289,30.0,74.0780245873236,20.0,17.746555295491696,30.0,7.2949749176724925,30.0,35.28683617512709,30.0,42.24853515625,30.0,25.306251996669054,30.0,906.7016486347709,40.0,6.536666355966216,30.0,944.6889995365933,30.0,"P,TAVG,LVPZ,WECS,PWR,SCMA,TRB,PRB,LWRB,PRBA,DNBR",304.5,293.5,310.0,274.5,263.5
LOCA_008,8,% of 100 cm2 break area,8.csv,440,4390.0,30.0,45.60537413376493,40.0,8.051179545650369,30.0,84.06762153871598,20.0,17.843816258374975,30.0,8.298761120063533,30.0,44.46218910567729,30.0,40.11430358886719,30.0,23.459545683499808,30.0,939.0624427236585,40.0,6.206526313326195,30.0,936.0823835068403,30.0,"P,TAVG,LVPZ,WECS,PWR,SCMA,TRB,PRB,LWRB,PRBA,DNBR",274.0,262.5,280.0,244.0,232.5
LOCA_009,9,% of 100 cm2 break area,9.csv,430,4290.0,30.0,48.94428176666272,40.0,7.9320072911859345,30.0,84.06762153871598,20.0,17.9462473104901,30.0,8.386638775598087,60.0,50.71123657792173,30.0,40.595367431640625,30.0,23.87613256026381,30.0,967.1493451088279,30.0,6.281331061758077,30.0,927.0269045038394,30.0,"P,TAVG,LVPZ,WECS,PWR,SCMA,TRB,PRB,LWRB,PRBA,DNBR",252.0,240.5,260.0,222.0,210.5
LOCA_010,10,% of 100 cm2 break area,10.csv,425,4240.0,30.0,52.17519858994198,40.0,8.297304283473377,30.0,84.06762153871598,20.0,18.072698629355344,30.0,8.427558201212724,50.0,56.68645849709602,30.0,42.631591796875,30.0,25.63793972690928,30.0,991.226523591669,30.0,6.5962077805089185,30.0,919.3836941640914,30.0,"P,TAVG,LVPZ,WECS,PWR,SCMA,TRB,PRB,LWRB,PRBA,DNBR",235.5,224.0,240.0,205.5,194.0
LOCA_011,11,% of 100 cm2 break area,11.csv,423,4220.0,30.0,52.224181835542495,40.0,8.42635182214731,30.0,84.06762153871598,20.0,18.215372175818118,30.0,8.44899872777917,50.0,56.68568523164105,30.0,41.386138916015625,30.0,24.56037541009896,30.0,1010.6719440622298,30.0,6.4036414267907995,30.0,912.1738262322234,30.0,"P,TAVG,LVPZ,WECS,PWR,SCMA,TRB,PRB,LWRB,PRBA,DNBR",222.0,211.0,230.0,192.0,181.0
LOCA_012,12,% of 100 cm2 break area,12.csv,419,4180.0,30.0,52.26254214948668,40.0,8.486351058878332,30.0,84.06762153871598,20.0,18.37012088400859,30.0,8.46309822796691,50.0,56.68616927881387,30.0,40.50341796875,30.0,23.79632920716256,30.0,1029.1428285326263,30.0,6.266823673375886,30.0,902.2461120126022,30.0,"P,TAVG,LVPZ,WECS,PWR,SCMA,TRB,PRB,LWRB,PRBA,DNBR",211.5,200.5,220.0,181.5,170.5
LOCA_013,13,% of 100 cm2 break area,13.csv,416,4150.0,30.0,52.59547905692704,40.0,8.511875324340135,30.0,84.06762153871598,20.0,18.505650697217405,30.0,9.944485564598635,30.0,56.72469942426481,30.0,39.951995849609375,30.0,23.31941136438024,30.0,1040.5790531980429,30.0,6.181784215514426,30.0,901.5712243821133,30.0,"P,TAVG,LVPZ,WECS,PWR,SCMA,TRB,PRB,LWRB,PRBA,DNBR",203.0,192.0,210.0,173.0,162.0
LOCA_014,14,% of 100 cm2 break area,14.csv,413,4120.0,30.0,52.63887851674238,30.0,8.520245709661136,30.0,85.90835255961264,20.0,18.681413619238445,30.0,11.112213637706555,30.0,56.71240281346909,30.0,40.58026123046875,30.0,23.862874274209716,30.0,1050.3130883165056,30.0,6.278774027738744,30.0,902.8943782760036,30.0,"P,TAVG,LVPZ,WECS,PWR,SCMA,TRB,PRB,LWRB,PRBA,DNBR",196.0,185.0,200.0,166.0,155.0
LOCA_015,15,% of 100 cm2 break area,15.csv,412,4110.0,30.0,52.68744960240795,30.0,8.517580169799807,30.0,91.18261029643398,20.0,18.830984193452416,30.0,11.28899520897923,30.0,56.68355421472382,30.0,42.03321838378906,30.0,25.120382355135064,30.0,1059.1410135710846,30.0,6.503878475019079,30.0,902.9120573305945,30.0,"P,TAVG,LVPZ,WECS,PWR,SCMA,TRB,PRB,LWRB,PRBA,DNBR",189.5,179.0,190.0,159.5,149.0
LOCA_016,16,% of 100 cm2 break area,16.csv,412,4110.0,30.0,52.7385770610033,30.0,8.510232722285368,30.0,91.18261029643398,20.0,19.00244183629206,30.0,11.349745095585849,30.0,56.68403947188495,30.0,42.633056640625,30.0,25.639196381848322,30.0,1066.834185530793,30.0,6.596418127780432,30.0,904.0661295686588,30.0,"P,TAVG,LVPZ,WECS,PWR,SCMA,TRB,PRB,LWRB,PRBA,DNBR",184.5,174.0,190.0,154.5,144.0
LOCA_017,17,% of 100 cm2 break area,17.csv,414,4130.0,30.0,52.832696726144945,30.0,8.498232874939182,30.0,91.18261029643398,20.0,19.056261178036408,30.0,11.385468592919448,30.0,56.683168187156674,30.0,42.38963317871094,30.0,25.428689386142505,30.0,1073.5501988858105,30.0,6.558890859872037,30.0,904.5702909801038,30.0,"P,TAVG,LVPZ,WECS,PWR,SCMA,TRB,PRB,LWRB,PRBA,DNBR",180.0,169.5,180.0,150.0,139.5
LOCA_018,18,% of 100 cm2 break area,18.csv,412,4110.0,30.0,52.931222577257664,30.0,8.48726580133997,30.0,91.18261029643398,20.0,19.177370786450492,30.0,11.408537156277932,30.0,56.68829908590897,30.0,42.33415222167969,30.0,25.38040616701682,30.0,1079.6227204574777,30.0,6.5500036876506025,30.0,905.7555071341044,30.0,"P,TAVG,LVPZ,WECS,PWR,SCMA,TRB,PRB,LWRB,PRBA,DNBR",176.0,166.0,180.0,146.0,136.0
LOCA_019,19,% of 100 cm2 break area,19.csv,410,4090.0,30.0,53.02589669564511,30.0,8.472482382847064,30.0,91.18261029643398,20.0,19.22663546192913,30.0,11.428843508935282,30.0,56.689702821912476,30.0,42.452117919921875,30.0,25.482806251131997,30.0,1084.8871222071127,30.0,6.568612847827288,30.0,906.4261805713477,30.0,"P,TAVG,LVPZ,WECS,PWR,SCMA,TRB,PRB,LWRB,PRBA,DNBR",172.5,162.5,180.0,142.5,132.5
LOCA_020,20,% of 100 cm2 break area,20.csv,409,4080.0,30.0,53.112411028654044,30.0,8.454217041435669,30.0,91.18261029643398,20.0,19.327031193646448,30.0,11.444332538481827,30.0,56.68679732971815,30.0,42.49891662597656,30.0,25.52320367229162,30.0,1089.6699183982562,30.0,6.575758081706504,30.0,906.3649205914861,30.0,"P,TAVG,LVPZ,WECS,PWR,SCMA,TRB,PRB,LWRB,PRBA,DNBR",169.5,159.5,170.0,139.5,129.5
LOCA_021,21,% of 100 cm2 break area,21.csv,409,4080.0,30.0,53.304104651725346,30.0,8.429135393294013,30.0,91.18261029643398,20.0,19.415156008182795,30.0,11.45813823518226,30.0,56.678085693753154,30.0,42.40846252441406,30.0,25.445014371405634,30.0,1094.0667148868274,30.0,6.5618488683776794,30.0,907.1889495487858,30.0,"P,TAVG,LVPZ,WECS,PWR,SCMA,TRB,PRB,LWRB,PRBA,DNBR",166.5,156.5,170.0,136.5,126.5
LOCA_022,22,% of 100 cm2 break area,22.csv,408,4070.0,30.0,53.66932251406962,30.0,8.411745450582464,30.0,91.18261029643398,20.0,19.483673098412478,30.0,11.466696768351552,30.0,56.67305160395349,30.0,42.399932861328125,30.0,25.437635846992922,30.0,1097.8969095883913,30.0,6.560540771282944,30.0,907.808127600273,30.0,"P,TAVG,LVPZ,WECS,PWR,SCMA,TRB,PRB,LWRB,PRBA,DNBR",164.0,154.5,170.0,134.0,124.5
LOCA_023,23,% of 100 cm2 break area,23.csv,406,4050.0,30.0,54.157575023657486,30.0,8.39021457694243,30.0,91.18261029643398,20.0,19.577846220138877,30.0,11.4767601317924,30.0,56.67174346716358,30.0,42.36259460449219,30.0,25.40522798429896,30.0,1101.2634993352594,30.0,6.554657621032808,30.0,909.0632376910285,30.0,"P,TAVG,LVPZ,WECS,PWR,SCMA,TRB,PRB,LWRB,PRBA,DNBR",161.5,152.0,170.0,131.5,122.0
LOCA_024,24,% of 100 cm2 break area,24.csv,404,4030.0,30.0,54.725742400629464,30.0,8.371182032176115,30.0,91.18261029643398,20.0,19.63712258034111,30.0,11.484476998538634,30.0,56.66608011696987,30.0,42.28926086425781,30.0,25.34200325323755,30.0,1104.6348574539936,30.0,6.543548655756015,30.0,909.8369018997842,30.0,"P,TAVG,LVPZ,WECS,PWR,SCMA,TRB,PRB,LWRB,PRBA,DNBR",159.5,150.0,160.0,129.5,120.0
LOCA_025,25,% of 100 cm2 break area,25.csv,401,4000.0,30.0,55.33437505121332,30.0,8.35377241758367,30.0,91.18261029643398,20.0,19.73508075442785,30.0,11.491909090606393,30.0,56.65567431523526,30.0,42.29576110839844,30.0,25.347571733380246,30.0,1107.9932217593923,30.0,6.54450179183006,30.0,910.444465223546,30.0,"P,TAVG,LVPZ,WECS,PWR,SCMA,TRB,PRB,LWRB,PRBA,DNBR",157.5,148.0,160.0,127.5,118.0
LOCA_026,26,% of 100 cm2 break area,26.csv,396,3950.0,30.0,56.473639084694845,30.0,8.341005366882545,30.0,91.18261029643398,20.0,19.857385007423257,30.0,11.497284601463043,30.0,56.65664119975878,30.0,42.30718994140625,30.0,25.35741745189346,30.0,1109.7826725114987,30.0,6.54621743676334,30.0,913.1233559200784,30.0,"P,TAVG,LVPZ,WECS,PWR,SCMA,TRB,PRB,LWRB,PRBA,DNBR",156.0,146.5,160.0,126.0,116.5
LOCA_027,27,% of 100 cm2 break area,27.csv,388,3870.0,30.0,57.46221450196507,30.0,8.327717011337691,30.0,91.18261029643398,20.0,19.91146446257813,30.0,11.50243564490019,30.0,56.64613737783685,30.0,42.259429931640625,30.0,25.315993954682714,30.0,1112.1742494210155,30.0,6.538723815215693,30.0,915.3656150822953,30.0,"P,TAVG,LVPZ,WECS,PWR,SCMA,TRB,PRB,LWRB,PRBA,DNBR",154.0,145.0,160.0,124.0,115.0
LOCA_028,28,% of 100 cm2 break area,28.csv,386,3850.0,30.0,58.30364882246397,30.0,8.31514667944552,30.0,91.18261029643398,20.0,20.009871801574796,30.0,11.50741470896916,30.0,56.645460922414706,30.0,42.26799011230469,30.0,25.32361458692772,30.0,1114.4635447540013,30.0,6.540288273047585,30.0,918.9003981484716,30.0,"P,TAVG,LVPZ,WECS,PWR,SCMA,TRB,PRB,LWRB,PRBA,DNBR",152.5,143.5,160.0,122.5,113.5
LOCA_029,29,% of 100 cm2 break area,29.csv,389,3880.0,30.0,59.133130504849795,30.0,8.302812410124094,30.0,91.18261029643398,20.0,20.128743630183916,30.0,11.512223176071304,30.0,56.64013640484313,30.0,42.245452880859375,30.0,25.303946207790084,30.0,1116.407252335981,30.0,6.536607195796079,30.0,918.4745590602724,30.0,"P,TAVG,LVPZ,WECS,PWR,SCMA,TRB,PRB,LWRB,PRBA,DNBR",151.0,142.0,160.0,121.0,112.0
LOCA_030,30,% of 100 cm2 break area,30.csv,385,3840.0,30.0,59.95644941487519,30.0,8.295592829835476,30.0,91.18261029643398,20.0,20.156393417564384,30.0,11.51532662390613,30.0,56.63224522703463,30.0,42.14320373535156,30.0,25.215450030615088,30.0,1118.838645150581,30.0,6.520771990262485,30.0,919.9071791933451,30.0,"P,TAVG,LVPZ,WECS,PWR,SCMA,TRB,PRB,LWRB,PRBA,DNBR",150.0,141.0,150.0,120.0,111.0
LOCA_031,31,% of 100 cm2 break area,31.csv,377,3760.0,30.0,60.67092130208389,30.0,8.288461773010887,30.0,91.18261029643398,20.0,20.164113690851977,30.0,11.51839412930581,30.0,56.62609783099757,30.0,42.79974365234375,30.0,25.783515707783224,30.0,1121.458984700381,30.0,6.622323708937734,30.0,921.0471698588572,30.0,"P,TAVG,LVPZ,WECS,PWR,SCMA,TRB,PRB,LWRB,PRBA,DNBR",148.5,140.0,150.0,118.5,110.0
LOCA_032,32,% of 100 cm2 break area,32.csv,385,3840.0,30.0,61.23881145243296,30.0,8.28179300538734,30.0,91.18261029643398,20.0,19.981901565198893,30.0,11.521348752995102,30.0,56.62188662365181,30.0,42.768798828125,30.0,25.756687854176377,30.0,1124.858595422423,30.0,6.617459428283991,30.0,920.8456080794803,30.0,"P,TAVG,LVPZ,WECS,PWR,SCMA,TRB,PRB,LWRB,PRBA,DNBR",147.5,139.0,150.0,117.5,109.0
LOCA_033,33,% of 100 cm2 break area,33.csv,380,3790.0,30.0,61.881187244356575,30.0,8.274661948562752,30.0,91.18261029643398,20.0,20.153033395879994,30.0,11.524278968660527,30.0,56.61738619702679,30.0,42.753143310546875,30.0,25.743175931345597,30.0,1127.9998795986105,30.0,6.615066728070527,30.0,921.2281745980121,30.0,"P,TAVG,LVPZ,WECS,PWR,SCMA,TRB,PRB,LWRB,PRBA,DNBR",146.5,138.0,150.0,116.5,108.0
LOCA_034,34,% of 100 cm2 break area,34.csv,381,3800.0,30.0,62.48862757512866,30.0,8.267757118368461,30.0,91.18261029643398,20.0,20.158759913283834,30.0,11.527132245050712,30.0,56.613076964840545,30.0,42.76971435546875,30.0,25.757506409228412,30.0,1130.3958672521037,30.0,6.617643482146577,30.0,921.172978945016,30.0,"P,TAVG,LVPZ,WECS,PWR,SCMA,TRB,PRB,LWRB,PRBA,DNBR",145.5,137.0,150.0,115.5,107.0
LOCA_035,35,% of 100 cm2 break area,35.csv,378,3770.0,30.0,57.56859592517099,30.0,8.987865990426089,30.0,91.18261029643398,20.0,19.81054984483054,30.0,11.529888018945552,30.0,46.22605381802129,30.0,42.72271728515625,30.0,25.716843822347727,30.0,1138.4174608241,30.0,6.610360207870419,30.0,899.3781993312282,30.0,"P,TAVG,LVPZ,WECS,PWR,SCMA,TRB,PRB,LWRB,PRBA,DNBR",144.5,136.0,150.0,114.5,106.0
LOCA_036,36,% of 100 cm2 break area,36.csv,376,3750.0,30.0,64.06794593914027,30.0,8.405794706611601,30.0,91.18261029643398,20.0,20.28461189867226,30.0,11.532618088815257,30.0,56.60978665814179,30.0,42.62751770019531,30.0,25.634550217257168,30.0,1135.2200290691871,30.0,6.59572792579578,30.0,923.5943927127677,30.0,"P,TAVG,LVPZ,WECS,PWR,SCMA,TRB,PRB,LWRB,PRBA,DNBR",143.5,135.0,150.0,113.5,105.0
LOCA_037,37,% of 100 cm2 break area,37.csv,381,3800.0,30.0,64.22235871476363,30.0,8.491475583851589,30.0,91.18261029643398,20.0,20.19906006163485,30.0,11.534688753240134,30.0,56.603494046224576,30.0,42.60905456542969,30.0,25.618444281937567,30.0,1138.8726019187336,30.0,6.592717330472246,30.0,920.4227497621133,30.0,"P,TAVG,LVPZ,WECS,PWR,SCMA,TRB,PRB,LWRB,PRBA,DNBR",142.5,134.5,150.0,112.5,104.5
LOCA_038,38,% of 100 cm2 break area,38.csv,378,3770.0,30.0,64.79344801127434,30.0,8.80866499140929,30.0,91.18261029643398,20.0,20.235423648267847,30.0,11.536747883253735,30.0,56.60078337992961,30.0,42.58235168457031,30.0,25.595386393147816,30.0,1140.8840203812138,30.0,6.5886484254389,30.0,920.1617781364947,30.0,"P,TAVG,LVPZ,WECS,PWR,SCMA,TRB,PRB,LWRB,PRBA,DNBR",141.5,133.5,150.0,111.5,103.5
LOCA_039,39,% of 100 cm2 break area,39.csv,380,3790.0,30.0,65.3184514483938,30.0,9.118506951452552,30.0,91.18261029643398,20.0,20.261093087672318,30.0,11.537829396311334,30.0,56.593861506288874,30.0,42.678558349609375,30.0,25.67863690062315,30.0,1143.262961105285,30.0,6.603530494898473,30.0,919.4794899715259,30.0,"P,TAVG,LVPZ,WECS,PWR,SCMA,TRB,PRB,LWRB,PRBA,DNBR",141.0,133.0,150.0,111.0,103.0
LOCA_040,40,% of 100 cm2 break area,40.csv,374,3730.0,30.0,65.8300695009597,30.0,9.432224272032212,30.0,91.18261029643398,20.0,20.284292790467592,30.0,11.539098224752108,30.0,56.58408376110881,30.0,42.553466796875,30.0,25.57035705486659,30.0,1145.9589985584619,30.0,6.584132532453612,30.0,919.1258060945061,30.0,"P,TAVG,LVPZ,WECS,PWR,SCMA,TRB,PRB,LWRB,PRBA,DNBR",140.5,132.5,150.0,110.5,102.5
LOCA_041,41,% of 100 cm2 break area,41.csv,376,3750.0,30.0,66.33785054079799,30.0,9.743659654428003,30.0,91.18261029643398,20.0,20.304943649997902,30.0,11.54154866074836,30.0,56.58190554949584,30.0,42.623626708984375,30.0,25.631045418161154,30.0,1148.2612877047832,30.0,6.594958843584309,30.0,918.9304114271957,30.0,"P,TAVG,LVPZ,WECS,PWR,SCMA,TRB,PRB,LWRB,PRBA,DNBR",139.5,131.5,140.0,109.5,101.5
LOCA_042,42,% of 100 cm2 break area,42.csv,370,3690.0,30.0,66.84063659475817,30.0,10.052026223404107,30.0,91.18261029643398,20.0,20.32878961394716,30.0,11.54278029395276,30.0,56.580453401330004,30.0,42.544830322265625,30.0,25.562932414676318,30.0,1150.2581626330714,30.0,6.582857302120051,30.0,918.6619364818962,30.0,"P,TAVG,LVPZ,WECS,PWR,SCMA,TRB,PRB,LWRB,PRBA,DNBR",139.0,131.0,140.0,109.0,101.0
LOCA_043,43,% of 100 cm2 break area,43.csv,368,3670.0,30.0,57.999023377220844,30.0,14.495225437787882,30.0,91.18261029643398,20.0,19.178651241641475,30.0,11.54397343591952,50.0,27.68095550359527,30.0,46.331695556640625,30.0,28.840138619415825,30.0,1155.816653717557,30.0,7.169239761576613,30.0,899.3516807493418,30.0,"P,TAVG,LVPZ,WECS,PWR,SCMA,TRB,PRB,LWRB,PRBA,DNBR",53.0,45.0,140.0,23.0,15.0
LOCA_044,44,% of 100 cm2 break area,44.csv,371,3700.0,30.0,67.79714449709078,30.0,10.638671219526781,30.0,91.18261029643398,20.0,20.367681931983483,30.0,11.545144761864947,30.0,56.57416079473068,30.0,42.55474853515625,30.0,25.57146383352852,30.0,1154.571512613983,30.0,6.5843231596684335,30.0,918.0172677005337,30.0,"P,TAVG,LVPZ,WECS,PWR,SCMA,TRB,PRB,LWRB,PRBA,DNBR",137.5,130.0,140.0,107.5,100.0
LOCA_045,45,% of 100 cm2 break area,45.csv,363,3620.0,30.0,68.26003935734845,30.0,10.922575804609435,30.0,91.18261029643398,20.0,20.385919368117182,30.0,11.54631219980657,30.0,56.57186156899793,30.0,42.549652099609375,30.0,25.56708283465845,30.0,1156.2094483500393,30.0,6.5835869442181245,30.0,917.8093332386879,30.0,"P,TAVG,LVPZ,WECS,PWR,SCMA,TRB,PRB,LWRB,PRBA,DNBR",137.0,129.5,140.0,107.0,99.5
LOCA_046,46,% of 100 cm2 break area,46.csv,365,3640.0,30.0,68.71749517846476,30.0,11.203146005880319,30.0,91.18261029643398,20.0,20.404833903592703,30.0,11.547446330515625,30.0,56.56963495386421,30.0,42.53916931152344,30.0,25.557998026475275,30.0,1156.8578277145523,30.0,6.581943606159427,30.0,917.6191806166343,30.0,"P,TAVG,LVPZ,WECS,PWR,SCMA,TRB,PRB,LWRB,PRBA,DNBR",136.5,129.0,140.0,106.5,99.0
LOCA_047,47,% of 100 cm2 break area,47.csv,354,3530.0,30.0,69.7761107980113,30.0,11.852554137999817,30.0,91.18261029643398,20.0,20.62045987617182,30.0,11.54853298437825,30.0,56.57904966732072,30.0,42.56236267089844,30.0,25.57815062127752,30.0,1158.847311666448,30.0,6.585631256763144,30.0,923.478964931921,30.0,"P,TAVG,LVPZ,WECS,PWR,SCMA,TRB,PRB,LWRB,PRBA,DNBR",136.0,128.5,140.0,106.0,98.5
LOCA_048,48,% of 100 cm2 break area,48.csv,352,3510.0,30.0,69.61545183670734,30.0,11.753889819368855,30.0,91.18261029643398,20.0,20.37146698434383,30.0,11.549623483044636,30.0,56.56573716755808,30.0,44.82698059082031,30.0,27.53770224218369,30.0,1161.2626112259993,30.0,6.935971210820671,30.0,917.3069191756617,30.0,"P,TAVG,LVPZ,WECS,PWR,SCMA,TRB,PRB,LWRB,PRBA,DNBR",135.5,128.0,140.0,105.5,98.0
LOCA_049,49,% of 100 cm2 break area,49.csv,347,3460.0,30.0,70.03197134428612,30.0,12.009368536557632,30.0,91.18261029643398,20.0,20.459532804086034,30.0,11.550688320885929,30.0,56.56382518062717,30.0,44.365203857421875,30.0,27.138178203124067,30.0,1160.861114314861,30.0,6.8645714588464095,30.0,917.2482288258279,30.0,"P,TAVG,LVPZ,WECS,PWR,SCMA,TRB,PRB,LWRB,PRBA,DNBR",135.0,127.5,140.0,105.0,97.5
LOCA_050,50,% of 100 cm2 break area,50.csv,343,3420.0,30.0,70.47208210147397,30.0,12.279335594025886,30.0,91.18261029643398,20.0,20.43469331417184,30.0,11.550696010493448,30.0,56.561309346214195,30.0,46.04872131347656,30.0,28.594917972137097,30.0,1163.3471049873297,30.0,7.1250405411499065,30.0,917.1571611376444,30.0,"P,TAVG,LVPZ,WECS,PWR,SCMA,TRB,PRB,LWRB,PRBA,DNBR",134.5,127.5,140.0,104.5,97.5
LOCA_051,51,% of 100 cm2 break area,51.csv,348,3470.0,30.0,70.87142337176464,30.0,12.52903077823141,30.0,91.18261029643398,20.0,20.447173394713854,30.0,11.551744173118434,30.0,56.55939735928328,30.0,46.835968017578125,30.0,29.276117180651962,30.0,1164.9520197482123,30.0,7.246844758060539,30.0,916.1515107299831,30.0,"P,TAVG,LVPZ,WECS,PWR,SCMA,TRB,PRB,LWRB,PRBA,DNBR",134.0,127.0,140.0,104.0,97.0
LOCA_052,52,% of 100 cm2 break area,52.csv,341,3400.0,30.0,66.75177932878577,30.0,14.109253298679347,30.0,91.18261029643398,20.0,20.389251233195274,30.0,11.552767970919595,30.0,51.29296372544819,30.0,47.97834777832031,30.0,30.264608873067566,30.0,1162.539819630374,30.0,7.423582479597287,30.0,975.7352695318989,30.0,"P,TAVG,LVPZ,WECS,PWR,SCMA,TRB,PRB,LWRB,PRBA,DNBR",133.5,126.5,140.0,103.5,96.5
LOCA_053,53,% of 100 cm2 break area,53.csv,339,3380.0,30.0,65.32415790082626,30.0,16.454603790614073,30.0,91.18261029643398,20.0,19.71720265022209,30.0,11.55377124870069,30.0,40.9665951091918,30.0,49.11651611328125,30.0,31.24944589011,30.0,1164.8181477080675,30.0,7.599636572501641,30.0,939.7776142719495,30.0,"P,TAVG,LVPZ,WECS,PWR,SCMA,TRB,PRB,LWRB,PRBA,DNBR",133.0,126.0,140.0,103.0,96.0
LOCA_054,54,% of 100 cm2 break area,54.csv,341,3400.0,30.0,71.92469072548882,30.0,13.352220306181023,30.0,91.18261029643398,20.0,20.544129998091005,30.0,11.553795613524516,30.0,56.53100799771571,30.0,48.023590087890625,30.0,30.303715052454965,30.0,1167.4984495340855,30.0,7.430537086261693,30.0,915.5469281770535,30.0,"P,TAVG,LVPZ,WECS,PWR,SCMA,TRB,PRB,LWRB,PRBA,DNBR",133.0,126.0,140.0,103.0,96.0
LOCA_055,55,% of 100 cm2 break area,55.csv,337,3360.0,30.0,72.2964957867932,30.0,13.642813330768119,30.0,91.18261029643398,20.0,20.562616821309014,30.0,11.554783468890527,30.0,56.529168621383825,30.0,47.982177734375,30.0,30.267871564331333,30.0,1167.3303644258003,30.0,7.424101774423847,30.0,915.5980124220052,30.0,"P,TAVG,LVPZ,WECS,PWR,SCMA,TRB,PRB,LWRB,PRBA,DNBR",132.5,125.5,140.0,102.5,95.5
LOCA_056,56,% of 100 cm2 break area,56.csv,332,3310.0,30.0,72.66690490165128,30.0,13.932329319876192,30.0,91.18261029643398,20.0,20.532617968489188,30.0,11.555754649040233,30.0,56.52643255148321,30.0,50.21253967285156,30.0,32.19782838497589,30.0,1172.9553742978203,30.0,7.769202766750247,30.0,915.557617837969,30.0,"P,TAVG,LVPZ,WECS,PWR,SCMA,TRB,PRB,LWRB,PRBA,DNBR",132.0,125.0,140.0,102.0,95.0
LOCA_057,57,% of 100 cm2 break area,57.csv,331,3300.0,30.0,73.14433821294713,30.0,14.305249166010618,30.0,91.18261029643398,20.0,20.59623580922376,30.0,11.555758537044035,30.0,56.52432693983348,30.0,50.18367004394531,30.0,32.17305268347133,30.0,1172.516445667532,30.0,7.764969527911019,30.0,994.1321759673889,30.0,"P,TAVG,LVPZ,WECS,PWR,SCMA,TRB,PRB,LWRB,PRBA,DNBR",131.5,125.0,140.0,101.5,95.0
LOCA_058,58,% of 100 cm2 break area,58.csv,330,3290.0,30.0,73.98968805282792,30.0,14.967016157302654,30.0,91.18261029643398,20.0,20.611716579522223,30.0,11.556711745976168,30.0,56.51367791000823,30.0,50.86329650878906,30.0,32.761017318664976,30.0,1174.111108428902,30.0,7.869998549918471,30.0,995.6966695134857,30.0,"P,TAVG,LVPZ,WECS,PWR,SCMA,TRB,PRB,LWRB,PRBA,DNBR",131.0,124.5,140.0,101.0,94.5
LOCA_059,59,% of 100 cm2 break area,59.csv,326,3250.0,30.0,74.44260520799406,30.0,15.319447739484493,30.0,91.18261029643398,20.0,57.34089989022688,30.0,11.557648279691993,30.0,56.77932413222946,30.0,51.56068420410156,30.0,33.36438462357016,30.0,1175.8385703467475,30.0,7.977801526569003,30.0,996.299093577192,30.0,"P,TAVG,LVPZ,WECS,PWR,SCMA,TRB,PRB,LWRB,PRBA,DNBR",130.5,124.0,140.0,100.5,94.0
LOCA_060,60,% of 100 cm2 break area,60.csv,325,3240.0,30.0,74.8872300978026,30.0,15.667000695204289,30.0,91.18261029643398,20.0,20.642735774122503,30.0,11.557676532519622,30.0,56.508474398579594,30.0,51.77394104003906,30.0,33.549020668053906,30.0,1176.2199208867505,30.0,8.010911501775645,30.0,997.1141802219952,30.0,"P,TAVG,LVPZ,WECS,PWR,SCMA,TRB,PRB,LWRB,PRBA,DNBR",130.5,124.0,140.0,100.5,94.0
LOCA_061,61,% of 100 cm2 break area,61.csv,321,3200.0,30.0,75.35238938436946,30.0,16.03062065964537,30.0,91.18261029643398,20.0,20.661040249794997,30.0,11.558597687020407,30.0,56.50544910939972,30.0,52.81663513183594,30.0,34.451183624840766,30.0,1178.5266207770483,30.0,8.17214268539054,30.0,998.3595257186452,30.0,"P,TAVG,LVPZ,WECS,PWR,SCMA,TRB,PRB,LWRB,PRBA,DNBR",130.0,123.5,130.0,100.0,93.5
LOCA_062,62,% of 100 cm2 break area,62.csv,321,3200.0,30.0,75.79186718165724,30.0,16.374160551662488,30.0,91.18261029643398,20.0,20.777841131921306,30.0,11.558591250214114,30.0,56.51687261682864,30.0,54.056793212890625,30.0,35.68045732094312,30.0,1182.0409108424735,30.0,8.364373798144685,30.0,999.7956405485554,30.0,"P,TAVG,LVPZ,WECS,PWR,SCMA,TRB,PRB,LWRB,PRBA,DNBR",130.0,123.5,130.0,100.0,93.5
LOCA_063,63,% of 100 cm2 break area,63.csv,317,3160.0,30.0,69.48931126995406,30.0,18.520107022900824,30.0,91.18261029643398,20.0,20.423360950533993,30.0,11.559495729498593,30.0,47.23572977665455,30.0,56.13258361816406,30.0,37.96100934063548,30.0,1179.369668923001,30.0,8.685560935040936,30.0,926.2360655303858,30.0,"P,TAVG,LVPZ,WECS,PWR,SCMA,TRB,PRB,LWRB,PRBA,DNBR",129.5,123.0,130.0,99.5,93.0
LOCA_064,64,% of 100 cm2 break area,64.csv,318,3170.0,30.0,76.61296091870057,30.0,17.015970419786132,30.0,91.18261029643398,20.0,30.084296052814846,30.0,11.559511108713632,30.0,56.458811173804,30.0,54.63670349121094,30.0,36.31752373031447,30.0,1182.274322645326,30.0,8.454047469331682,30.0,1002.1505522911889,30.0,"P,TAVG,LVPZ,WECS,PWR,SCMA,TRB,PRB,LWRB,PRBA,DNBR",129.5,123.0,130.0,99.5,93.0
LOCA_065,65,% of 100 cm2 break area,65.csv,320,3190.0,30.0,68.9916428685193,30.0,19.564329804591328,30.0,91.18261029643398,20.0,20.159827182741445,30.0,11.560404053586833,30.0,39.75572727354482,30.0,57.24617004394531,30.0,39.18439174615203,30.0,1183.0793430256454,30.0,8.857795910296867,30.0,867.933023182452,30.0,"P,TAVG,LVPZ,WECS,PWR,SCMA,TRB,PRB,LWRB,PRBA,DNBR",129.0,122.5,130.0,99.0,92.5
LOCA_066,66,% of 100 cm2 break area,66.csv,317,3160.0,30.0,77.38899183619115,30.0,17.622562703136758,30.0,91.18261029643398,20.0,61.14660311010316,30.0,11.56041303919562,30.0,56.461352427776326,30.0,55.93287658691406,30.0,37.741601999856805,30.0,1185.125332184156,30.0,8.654659606185183,30.0,1004.5348606013399,30.0,"P,TAVG,LVPZ,WECS,PWR,SCMA,TRB,PRB,LWRB,PRBA,DNBR",128.5,122.5,130.0,98.5,92.5
LOCA_067,67,% of 100 cm2 break area,67.csv,312,3110.0,30.0,70.42606738873816,30.0,19.53679408930798,30.0,91.18261029643398,20.0,20.51344466039392,30.0,11.56131367367634,30.0,46.542816838381015,30.0,58.05519104003906,30.0,40.07335406160676,30.0,1184.6462300208946,30.0,8.983136590709815,30.0,899.7143743916465,30.0,"P,TAVG,LVPZ,WECS,PWR,SCMA,TRB,PRB,LWRB,PRBA,DNBR",128.5,122.0,130.0,98.5,92.0
LOCA_068,68,% of 100 cm2 break area,68.csv,311,3100.0,30.0,71.1142665334278,30.0,19.358281606122517,30.0,91.18261029643398,20.0,20.695457008221393,30.0,11.5612751824387,30.0,49.79815409395652,30.0,58.28837585449219,30.0,40.329527206060625,30.0,1185.9348825177483,30.0,9.019198001069853,30.0,918.511969661439,30.0,"P,TAVG,LVPZ,WECS,PWR,SCMA,TRB,PRB,LWRB,PRBA,DNBR",128.0,122.0,130.0,98.0,92.0
LOCA_069,69,% of 100 cm2 break area,69.csv,302,3010.0,30.0,71.19215494779847,30.0,19.729775240892007,30.0,91.18261029643398,20.0,20.667139507034534,30.0,11.56131367367634,30.0,48.516857189259966,30.0,59.333160400390625,30.0,41.47738349684643,30.0,1187.8177933584332,30.0,9.180856452580008,30.0,904.3022946283969,30.0,"P,TAVG,LVPZ,WECS,PWR,SCMA,TRB,PRB,LWRB,PRBA,DNBR",128.0,122.0,130.0,98.0,92.0
LOCA_070,70,% of 100 cm2 break area,70.csv,308,3070.0,30.0,79.20798365569965,30.0,19.04484460984562,30.0,91.18261029643398,20.0,27.74920232373048,30.0,11.562160394504339,30.0,56.52631153736342,30.0,57.019134521484375,30.0,38.93487080261398,30.0,1192.6935728009687,30.0,8.822569315670647,30.0,936.1511468063829,30.0,"P,TAVG,LVPZ,WECS,PWR,SCMA,TRB,PRB,LWRB,PRBA,DNBR",127.5,121.5,130.0,97.5,91.5
LOCA_071,71,% of 100 cm2 break area,71.csv,459,4580.0,30.0,71.7468952335568,30.0,20.01528800223788,30.0,91.18261029643398,20.0,20.7575101461205,30.0,11.562184759328165,30.0,49.29743157320613,30.0,60.083892822265625,30.0,42.30207194729981,30.0,1190.2432257082003,30.0,9.296915559637448,30.0,901.5938017939446,30.0,"P,TAVG,LVPZ,WECS,PWR,SCMA,TRB,PRB,LWRB,PRBA,DNBR",127.5,121.5,130.0,97.5,91.5
LOCA_072,72,% of 100 cm2 break area,72.csv,466,4650.0,30.0,79.51420622069064,30.0,19.283872716635603,30.0,91.18261029643398,20.0,23.325381148259762,30.0,11.563037916962458,30.0,56.471807843518555,30.0,59.57086181640625,30.0,41.73841032689053,30.0,1192.076307062883,30.0,9.217502891288953,30.0,1011.204386730972,30.0,"P,TAVG,LVPZ,WECS,PWR,SCMA,TRB,PRB,LWRB,PRBA,DNBR",127.0,121.0,130.0,97.0,91.0
LOCA_073,73,% of 100 cm2 break area,73.csv,459,4580.0,30.0,72.10292536401818,30.0,20.393273357702856,30.0,91.18261029643398,20.0,20.77691809260155,30.0,11.563049494573779,30.0,48.21798273177171,30.0,61.496185302734375,30.0,43.85368339973813,30.0,1193.879347674808,30.0,9.515446654683005,30.0,887.688338835813,30.0,"P,TAVG,LVPZ,WECS,PWR,SCMA,TRB,PRB,LWRB,PRBA,DNBR",127.0,121.0,130.0,97.0,91.0
LOCA_074,74,% of 100 cm2 break area,74.csv,456,4550.0,30.0,72.2378562227171,30.0,20.496831056706554,30.0,91.18261029643398,20.0,20.778193184629423,30.0,11.563012256137364,30.0,47.23870711965302,30.0,62.16651916503906,30.0,44.590210012403986,30.0,1194.981318413098,30.0,9.619233313118057,30.0,877.0304385475057,30.0,"P,TAVG,LVPZ,WECS,PWR,SCMA,TRB,PRB,LWRB,PRBA,DNBR",126.5,121.0,130.0,96.5,91.0
LOCA_075,75,% of 100 cm2 break area,75.csv,457,4560.0,30.0,81.10211125001337,30.0,20.525222498808866,30.0,91.18261029643398,20.0,32.14073256454998,30.0,11.563859020165406,30.0,56.516194946266474,30.0,58.94236755371094,30.0,41.04761903663912,30.0,1193.105440920916,30.0,9.119901757306838,30.0,1020.5996736088429,30.0,"P,TAVG,LVPZ,WECS,PWR,SCMA,TRB,PRB,LWRB,PRBA,DNBR",126.5,120.5,130.0,96.5,90.5
LOCA_076,76,% of 100 cm2 break area,76.csv,453,4520.0,30.0,80.64854273495006,30.0,20.170454880770695,30.0,91.18261029643398,20.0,24.265050899705795,30.0,11.563875695381713,30.0,56.48635344716886,30.0,62.19061279296875,30.0,44.61673811345657,30.0,1197.2125588186125,30.0,9.62303271070979,30.0,1009.1024293682705,30.0,"P,TAVG,LVPZ,WECS,PWR,SCMA,TRB,PRB,LWRB,PRBA,DNBR",126.0,120.5,130.0,96.0,90.5
LOCA_077,77,% of 100 cm2 break area,77.csv,451,4500.0,30.0,80.92208813176636,30.0,20.38418986669941,30.0,91.18261029643398,20.0,45.223981245005376,30.0,11.563891074596752,30.0,56.5022543919435,30.0,62.31146240234375,30.0,44.74949390816342,30.0,1197.0948992428125,30.0,9.641714177761047,30.0,996.4402176583162,30.0,"P,TAVG,LVPZ,WECS,PWR,SCMA,TRB,PRB,LWRB,PRBA,DNBR",126.0,120.5,130.0,96.0,90.5
LOCA_078,78,% of 100 cm2 break area,78.csv,443,4420.0,30.0,73.10809267200244,30.0,20.74739180367148,30.0,91.18261029643398,20.0,20.851715446825516,30.0,11.564718571405951,30.0,46.65608384225517,30.0,63.66621398925781,30.0,46.237938274262284,30.0,1198.8320171136868,30.0,9.851384393994097,30.0,862.6758909855364,30.0,"P,TAVG,LVPZ,WECS,PWR,SCMA,TRB,PRB,LWRB,PRBA,DNBR",125.5,120.0,130.0,95.5,90.0
LOCA_079,79,% of 100 cm2 break area,79.csv,441,4400.0,30.0,81.41971359987454,30.0,20.772975084775968,30.0,91.18261029643398,20.0,25.4051655201709,30.0,11.564716022603458,30.0,56.52727962905012,30.0,63.69941711425781,30.0,46.274415854327636,30.0,1200.2558529529485,30.0,9.856524755441702,30.0,985.0265377862463,30.0,"P,TAVG,LVPZ,WECS,PWR,SCMA,TRB,PRB,LWRB,PRBA,DNBR",125.5,120.0,130.0,95.5,90.0
LOCA_080,80,% of 100 cm2 break area,80.csv,438,4370.0,30.0,73.04562345519757,30.0,20.604711651537023,30.0,91.18261029643398,20.0,20.788077494229306,30.0,11.56652368517115,30.0,44.026497773323094,30.0,63.98350524902344,30.0,46.58638908965264,30.0,1198.9056884590204,30.0,9.900329574734334,30.0,844.3251736497953,30.0,"P,TAVG,LVPZ,WECS,PWR,SCMA,TRB,PRB,LWRB,PRBA,DNBR",125.5,120.0,130.0,95.5,90.0
LOCA_081,81,% of 100 cm2 break area,81.csv,435,4340.0,30.0,81.81010020491217,30.0,21.078346609885756,30.0,91.18261029643398,20.0,61.64608655705581,30.0,11.566120844777219,30.0,56.54320478090303,30.0,63.52491760253906,30.0,46.082574219597085,30.0,1198.9890157573832,30.0,9.829376810712025,30.0,920.7840397440153,30.0,"P,TAVG,LVPZ,WECS,PWR,SCMA,TRB,PRB,LWRB,PRBA,DNBR",125.0,119.5,130.0,95.0,89.5
LOCA_082,82,% of 100 cm2 break area,82.csv,433,4320.0,30.0,82.76003808161532,30.0,21.941642185010892,30.0,91.18261029643398,20.0,24.40988781208547,30.0,11.4434999008676,30.0,56.520528385531,30.0,60.13066101074219,30.0,42.35312211308027,30.0,1198.9576637123623,30.0,9.303778139370579,30.0,946.4129129296119,30.0,"P,TAVG,LVPZ,WECS,PWR,SCMA,TRB,PRB,LWRB,PRBA,DNBR",125.0,119.5,130.0,95.0,89.5
LOCA_083,83,% of 100 cm2 break area,83.csv,428,4270.0,30.0,73.57079371895736,30.0,20.886865439219996,30.0,91.18261029643398,20.0,20.897065013238546,30.0,11.565964331024166,30.0,45.042851992623476,30.0,64.31387329101562,30.0,46.94957389597963,30.0,1200.8136332520032,30.0,9.951700322449206,30.0,840.8464085182239,30.0,"P,TAVG,LVPZ,WECS,PWR,SCMA,TRB,PRB,LWRB,PRBA,DNBR",125.0,119.5,130.0,95.0,89.5
LOCA_084,84,% of 100 cm2 break area,84.csv,425,4240.0,30.0,73.68716020725364,30.0,20.94082049054589,30.0,91.18261029643398,20.0,20.903212538946015,30.0,11.565783409247244,30.0,44.762806132455914,30.0,64.40476989746094,30.0,47.04937996760599,30.0,1201.6706288856644,30.0,9.96569498935707,30.0,837.5563216834779,30.0,"P,TAVG,LVPZ,WECS,PWR,SCMA,TRB,PRB,LWRB,PRBA,DNBR",124.5,119.5,130.0,94.5,89.5
LOCA_085,85,% of 100 cm2 break area,85.csv,425,4240.0,30.0,82.3797162749888,30.0,21.547447199688083,30.0,91.18261029643398,20.0,24.891446227155203,30.0,11.56650057314855,30.0,56.5428175421012,30.0,64.53315734863281,30.0,47.19047118911031,30.0,1200.4945099648544,30.0,9.985612246628468,30.0,902.3754190076363,30.0,"P,TAVG,LVPZ,WECS,PWR,SCMA,TRB,PRB,LWRB,PRBA,DNBR",124.5,119.0,130.0,94.5,89.0
LOCA_086,86,% of 100 cm2 break area,86.csv,423,4220.0,30.0,82.5045688419454,30.0,21.677271777657374,30.0,91.18261029643398,20.0,24.925778515762726,30.0,11.566519840367391,30.0,56.53105519939119,30.0,64.48771667480469,30.0,47.14053933093616,30.0,1200.6058514479312,30.0,9.978572186385021,30.0,898.2651416004445,30.0,"P,TAVG,LVPZ,WECS,PWR,SCMA,TRB,PRB,LWRB,PRBA,DNBR",124.5,119.0,130.0,94.5,89.0
LOCA_087,87,% of 100 cm2 break area,87.csv,414,4130.0,30.0,73.94684549959132,30.0,21.069666392440638,30.0,91.18261029643398,20.0,20.921260923580313,30.0,11.566349200200523,30.0,43.789823509825304,30.0,66.3924560546875,30.0,49.23341166482453,30.0,1203.8708748740482,30.0,10.273557941273381,30.0,826.6874033772915,30.0,"P,TAVG,LVPZ,WECS,PWR,SCMA,TRB,PRB,LWRB,PRBA,DNBR",124.0,119.0,130.0,94.0,89.0
LOCA_088,88,% of 100 cm2 break area,88.csv,412,4110.0,30.0,71.26115003023978,30.0,20.47938209835231,30.0,91.18261029643398,20.0,19.916508517477038,30.0,11.565068837348472,30.0,31.992994945145675,30.0,79.07478332519531,30.0,65.51125507432076,30.0,1215.0208780181933,30.0,12.235046248134303,30.0,733.5899580107466,30.0,"P,TAVG,LVPZ,WECS,PWR,SCMA,TRB,PRB,LWRB,PRBA,DNBR",124.0,119.0,130.0,94.0,89.0
LOCA_089,89,% of 100 cm2 break area,89.csv,412,4110.0,30.0,82.76833893363822,30.0,21.9523240163371,30.0,91.18261029643398,20.0,25.54214740979001,30.0,11.56721648424863,30.0,56.51660639214659,30.0,66.30162048339844,30.0,49.13350183269864,30.0,1203.3622088052161,30.0,10.259392367207436,30.0,861.0063895083555,30.0,"P,TAVG,LVPZ,WECS,PWR,SCMA,TRB,PRB,LWRB,PRBA,DNBR",123.5,118.5,130.0,93.5,88.5
LOCA_090,90,% of 100 cm2 break area,90.csv,405,4040.0,30.0,74.25945409024085,30.0,21.25960332045612,30.0,91.18261029643398,20.0,20.953080570273805,30.0,11.567158725792149,30.0,42.91473856606599,30.0,68.0631103515625,30.0,51.06851985993254,30.0,1204.9853625884873,30.0,10.531667190124601,30.0,818.261297432913,30.0,"P,TAVG,LVPZ,WECS,PWR,SCMA,TRB,PRB,LWRB,PRBA,DNBR",123.5,118.5,130.0,93.5,88.5
LOCA_091,91,% of 100 cm2 break area,91.csv,395,3940.0,30.0,69.06635912339077,30.0,22.44431775753147,30.0,91.18261029643398,20.0,18.95595796088263,30.0,11.550540792741662,30.0,16.86255168712302,30.0,93.82469177246097,30.0,88.27349561398603,30.0,1243.0837001254383,30.0,14.517379877575243,30.0,654.7344397461297,30.0,"P,TAVG,LVPZ,WECS,PWR,SCMA,TRB,PRB,LWRB,PRBA,DNBR",123.5,118.5,130.0,93.5,88.5
LOCA_092,92,% of 100 cm2 break area,92.csv,400,3990.0,30.0,81.4422008496579,30.0,20.789563398341038,30.0,91.18261029643398,20.0,26.068908574682816,30.0,11.567288325918884,30.0,56.67622090218272,30.0,67.99357604980469,30.0,50.99232506642689,30.0,1206.4510408908752,30.0,10.52113667984447,30.0,852.2762931196563,30.0,"P,TAVG,LVPZ,WECS,PWR,SCMA,TRB,PRB,LWRB,PRBA,DNBR",123.5,118.5,130.0,93.5,88.5
LOCA_093,93,% of 100 cm2 break area,93.csv,391,3900.0,30.0,81.4846202029613,30.0,20.822808877054285,30.0,91.18261029643398,20.0,56.82043440842228,30.0,11.568109385921789,30.0,56.67225171609678,30.0,68.25090026855469,30.0,51.27496866721137,30.0,1206.4795319127759,30.0,10.560852874047063,30.0,847.904119020036,30.0,"P,TAVG,LVPZ,WECS,PWR,SCMA,TRB,PRB,LWRB,PRBA,DNBR",123.0,118.0,130.0,93.0,88.0
LOCA_094,94,% of 100 cm2 break area,94.csv,381,3800.0,30.0,81.61350604928117,30.0,20.921315820638075,30.0,91.18261029643398,20.0,48.82804495128126,30.0,11.568102992315538,30.0,56.676464135923624,30.0,68.99397277832031,30.0,52.09125251720089,30.0,1207.0106093293793,30.0,10.675741924406697,30.0,846.0364091306644,30.0,"P,TAVG,LVPZ,WECS,PWR,SCMA,TRB,PRB,LWRB,PRBA,DNBR",123.0,118.0,130.0,93.0,88.0
LOCA_095,95,% of 100 cm2 break area,95.csv,376,3750.0,30.0,81.74983285442639,30.0,21.028424294143413,30.0,91.18261029643398,20.0,38.481387786565236,30.0,11.567399911628003,30.0,56.6813046060731,30.0,69.60272216796875,30.0,52.75982753160343,30.0,1208.3890264266151,30.0,10.769688274546295,30.0,844.7240476828906,30.0,"P,TAVG,LVPZ,WECS,PWR,SCMA,TRB,PRB,LWRB,PRBA,DNBR",123.0,118.0,130.0,93.0,88.0
LOCA_096,96,% of 100 cm2 break area,96.csv,374,3730.0,30.0,74.96530741881013,30.0,21.61524141922391,30.0,91.18261029643398,20.0,21.032333372246065,30.0,11.567963153778791,30.0,41.55444473307851,30.0,71.25851440429688,30.0,54.73521992210814,30.0,1208.4007089376873,30.0,11.02573349079578,30.0,803.6862627664124,30.0,"P,TAVG,LVPZ,WECS,PWR,SCMA,TRB,PRB,LWRB,PRBA,DNBR",123.0,118.0,130.0,93.0,88.0
LOCA_097,97,% of 100 cm2 break area,97.csv,385,3840.0,30.0,86.05335420171048,30.0,25.366757629443924,30.0,91.18261029643398,20.0,27.350483325958514,30.0,11.603033639273818,30.0,56.54947318042408,30.0,62.661224365234375,30.0,45.13396114584334,30.0,1201.3402999246302,30.0,9.696062654038267,30.0,953.0680491310886,30.0,"P,TAVG,LVPZ,WECS,PWR,SCMA,TRB,PRB,LWRB,PRBA,DNBR",122.5,118.0,130.0,92.5,88.0
LOCA_098,98,% of 100 cm2 break area,98.csv,369,3680.0,30.0,75.25176838692083,30.0,21.815058549419106,30.0,91.18261029643398,20.0,30.493584504273166,30.0,11.568881716277042,30.0,41.56603758369739,30.0,71.84675598144531,30.0,55.54617739978724,30.0,1209.2020338298105,30.0,11.116695539020785,30.0,802.4652773624255,30.0,"P,TAVG,LVPZ,WECS,PWR,SCMA,TRB,PRB,LWRB,PRBA,DNBR",122.5,117.5,130.0,92.5,87.5
LOCA_099,99,% of 100 cm2 break area,99.csv,366,3650.0,30.0,82.11432207688568,30.0,21.314876387802034,30.0,91.18261029643398,20.0,27.92049773088624,30.0,11.56697784721527,30.0,56.729127245608694,30.0,71.64210510253906,30.0,55.264144833055695,30.0,1210.8508176118626,30.0,11.085169741702739,30.0,836.3250770316051,30.0,"P,TAVG,LVPZ,WECS,PWR,SCMA,TRB,PRB,LWRB,PRBA,DNBR",122.5,117.5,130.0,92.5,87.5
LOCA_100,100,% of 100 cm2 break area,100.csv,344,3430.0,30.0,74.22258049606195,30.0,21.433581435095167,30.0,91.18261029643398,20.0,20.591329855774763,30.0,11.554139442660741,30.0,36.000298497895564,30.0,80.05455017089844,30.0,66.86214760484452,30.0,1219.094974940716,30.0,12.386759217713223,30.0,748.2224592407804,30.0,"P,TAVG,LVPZ,WECS,PWR,SCMA,TRB,PRB,LWRB,PRBA,DNBR",122.0,117.5,130.0,92.0,87.5
